Well,Well Position,Cycle,Target Name,Rn,Delta Rn
1,A01,1,sample,"60,821.40",-2781.49
1,A01,2,sample,"61,319.51",-2402.44
1,A01,3,sample,"62,618.29",-1222.73
1,A01,4,sample,"63,195.63",-764.46
1,A01,5,sample,"63,761.80",-317.36
1,A01,6,sample,"64,579.27",381.05
1,A01,7,sample,"64,700.00",382.7
1,A01,8,sample,"64,660.65",224.29
1,A01,9,sample,"65,163.13",607.7
1,A01,10,sample,"65,228.48",553.98
1,A01,11,sample,"65,344.38",550.81
1,A01,12,sample,"65,292.92",380.28
1,A01,13,sample,"65,539.41",507.71
1,A01,14,sample,"65,358.91",208.13
1,A01,15,sample,"65,126.53",-143.31
1,A01,16,sample,"65,222.37",-166.54
1,A01,17,sample,"65,628.22",120.24
1,A01,18,sample,"65,695.84",68.8
1,A01,19,sample,"65,593.11",-153
1,A01,20,sample,"65,434.50",-430.68
1,A01,21,sample,"65,196.65",-787.61
1,A01,22,sample,"65,201.05",-902.27
1,A01,23,sample,"66,261.93",39.54
1,A01,24,sample,"67,455.33",1113.87
1,A01,25,sample,"69,368.86",2908.34
1,A01,26,sample,"73,405.57",6825.98
1,A01,27,sample,"81,182.52",14483.86
1,A01,28,sample,"93,833.46",27015.73
1,A01,29,sample,"114,328.24",47391.45
1,A01,30,sample,"144,537.31",77481.45
1,A01,31,sample,"183,924.83",116749.9
1,A01,32,sample,"231,537.13",164243.13
1,A01,33,sample,"283,459.16",216046.09
1,A01,34,sample,"333,320.66",265788.53
1,A01,35,sample,"375,194.63",307543.41
1,A01,36,sample,"407,622.56",339852.28
1,A01,37,sample,"429,801.19",361911.84
1,A01,38,sample,"445,383.72",377375.31
1,A01,39,sample,"456,910.41",388782.94
1,A01,40,sample,"463,839.31",395592.75
2,A02,1,sample,"77,957.52",-5308.08
2,A02,2,sample,"78,898.36",-4372.58
2,A02,3,sample,"80,357.83",-2918.45
2,A02,4,sample,"81,886.75",-1394.86
2,A02,5,sample,"83,172.97",-113.98
2,A02,6,sample,"83,902.30",610.01
2,A02,7,sample,"84,240.12",942.49
2,A02,8,sample,"84,158.79",855.83
2,A02,9,sample,"84,264.20",955.9
2,A02,10,sample,"84,161.80",848.16
2,A02,11,sample,"84,354.55",1035.57
2,A02,12,sample,"84,184.43",860.12
2,A02,13,sample,"84,016.87",687.22
2,A02,14,sample,"83,753.14",418.16
2,A02,15,sample,"83,563.41",223.09
2,A02,16,sample,"83,339.09",-6.56
2,A02,17,sample,"83,089.35",-261.64
2,A02,18,sample,"82,991.10",-365.23
2,A02,19,sample,"82,779.56",-582.11
2,A02,20,sample,"82,643.03",-723.98
2,A02,21,sample,"82,302.60",-1069.74
2,A02,22,sample,"82,173.16",-1204.52
2,A02,23,sample,"82,634.57",-748.45
2,A02,24,sample,"82,655.30",-733.06
2,A02,25,sample,"82,989.78",-403.91
2,A02,26,sample,"83,403.31",4.27
2,A02,27,sample,"84,730.83",1326.46
2,A02,28,sample,"87,309.34",3899.64
2,A02,29,sample,"91,152.31",7737.26
2,A02,30,sample,"98,113.92",14693.54
2,A02,31,sample,"109,040.81",25615.09
2,A02,32,sample,"126,914.46",43483.41
2,A02,33,sample,"151,627.73",68191.34
2,A02,34,sample,"184,654.44",101212.71
2,A02,35,sample,"226,048.09",142601.03
2,A02,36,sample,"272,165.75",188713.34
2,A02,37,sample,"318,472.09",235014.36
2,A02,38,sample,"359,640.00",276176.91
2,A02,39,sample,"391,448.00",307979.59
2,A02,40,sample,"412,113.97",328640.22
3,A03,1,sample,"64,720.14",952.83
3,A03,2,sample,"64,815.66",-36.03
3,A03,3,sample,"65,896.08",-39.99
3,A03,4,sample,"66,437.12",-583.33
3,A03,5,sample,"66,888.91",-1215.92
3,A03,6,sample,"67,575.07",-1614.13
3,A03,7,sample,"67,583.08",-2690.51
3,A03,8,sample,"67,510.13",-3847.84
3,A03,9,sample,"69,784.54",-2657.81
3,A03,10,sample,"77,639.83",4113.1
3,A03,11,sample,"79,772.87",5161.76
3,A03,12,sample,"80,161.61",4466.12
3,A03,13,sample,"80,075.36",3295.49
3,A03,14,sample,"80,091.34",2227.09
3,A03,15,sample,"80,600.13",1651.5
3,A03,16,sample,"80,462.25",429.24
3,A03,17,sample,"80,364.06",-753.33
3,A03,18,sample,"80,418.02",-1783.76
3,A03,19,sample,"80,628.66",-2657.49
3,A03,20,sample,"80,870.34",-3500.2
3,A03,21,sample,"81,499.53",-3955.38
3,A03,22,sample,"82,193.40",-4345.9
3,A03,23,sample,"83,483.18",-4140.5
3,A03,24,sample,"85,786.56",-2921.5
3,A03,25,sample,"90,792.48",1000.05
3,A03,26,sample,"99,763.63",8886.81
3,A03,27,sample,"115,192.20",23231
3,A03,28,sample,"139,903.69",46858.11
3,A03,29,sample,"175,542.16",81412.2
3,A03,30,sample,"222,353.72",127139.38
3,A03,31,sample,"278,118.16",181819.44
3,A03,32,sample,"339,023.50",241640.39
3,A03,33,sample,"396,485.38",298017.91
3,A03,34,sample,"444,029.44",344477.56
3,A03,35,sample,"478,419.00",377782.75
3,A03,36,sample,"501,690.06",399969.44
3,A03,37,sample,"516,994.38",414189.38
3,A03,38,sample,"526,912.19",423022.81
3,A03,39,sample,"533,537.63",428563.84
3,A03,40,sample,"537,706.69",431648.53
4,A04,1,sample,"60,141.57",-17421.81
4,A04,2,sample,"61,266.68",-17273.69
4,A04,3,sample,"64,956.31",-14561.05
4,A04,4,sample,"69,933.16",-10561.19
4,A04,5,sample,"72,809.24",-8662.1
4,A04,6,sample,"81,920.88",-527.46
4,A04,7,sample,"88,135.15",4709.82
4,A04,8,sample,"91,902.84",7500.52
4,A04,9,sample,"94,735.77",9356.46
4,A04,10,sample,"96,106.26",9749.96
4,A04,11,sample,"96,364.34",9031.05
4,A04,12,sample,"95,948.73",7638.44
4,A04,13,sample,"95,252.33",5965.05
4,A04,14,sample,"94,097.48",3833.22
4,A04,15,sample,"92,955.77",1714.51
4,A04,16,sample,"91,774.34",-443.91
4,A04,17,sample,"91,025.02",-2170.22
4,A04,18,sample,"90,592.84",-3579.4
4,A04,19,sample,"89,937.91",-5211.32
4,A04,20,sample,"89,464.23",-6661.98
4,A04,21,sample,"89,982.80",-7120.41
4,A04,22,sample,"91,039.24",-7040.96
4,A04,23,sample,"93,051.43",-6005.76
4,A04,24,sample,"97,175.63",-2858.56
4,A04,25,sample,"104,523.87",3512.69
4,A04,26,sample,"118,174.18",16186.01
4,A04,27,sample,"140,348.86",37383.7
4,A04,28,sample,"174,197.55",70255.4
4,A04,29,sample,"220,369.44",115450.3
4,A04,30,sample,"277,247.97",171351.84
4,A04,31,sample,"341,737.94",234864.81
4,A04,32,sample,"406,874.50",299024.38
4,A04,33,sample,"462,176.38",353349.28
4,A04,34,sample,"503,613.84",393809.75
4,A04,35,sample,"531,215.56",420434.47
4,A04,36,sample,"548,323.06",436564.97
4,A04,37,sample,"559,267.38",446532.31
4,A04,38,sample,"567,314.44",453602.38
4,A04,39,sample,"573,018.88",458329.81
4,A04,40,sample,"576,423.13",460757.06
5,A05,1,sample,"77,039.46",-4438.65
5,A05,2,sample,"78,186.43",-3530.38
5,A05,3,sample,"80,603.88",-1351.63
5,A05,4,sample,"81,963.94",-230.27
5,A05,5,sample,"82,594.06",161.14
5,A05,6,sample,"83,131.34",459.72
5,A05,7,sample,"83,408.29",497.98
5,A05,8,sample,"83,662.48",513.46
5,A05,9,sample,"83,881.34",493.62
5,A05,10,sample,"83,949.19",322.77
5,A05,11,sample,"83,849.97",-15.14
5,A05,12,sample,"84,287.31",183.49
5,A05,13,sample,"84,358.42",15.91
5,A05,14,sample,"84,213.17",-368.04
5,A05,15,sample,"84,591.98",-227.94
5,A05,16,sample,"84,844.68",-213.94
5,A05,17,sample,"85,056.17",-241.14
5,A05,18,sample,"85,399.15",-136.87
5,A05,19,sample,"86,246.09",471.38
5,A05,20,sample,"87,844.52",1831.11
5,A05,21,sample,"91,506.78",5254.66
5,A05,22,sample,"97,750.13",11259.31
5,A05,23,sample,"109,138.95",22409.44
5,A05,24,sample,"128,970.78",42002.56
5,A05,25,sample,"160,386.61",73179.69
5,A05,26,sample,"205,749.75",118304.13
5,A05,27,sample,"266,232.59",178548.28
5,A05,28,sample,"342,039.59",254116.58
5,A05,29,sample,"428,097.03",339935.31
5,A05,30,sample,"508,169.69",419769.28
5,A05,31,sample,"569,304.00",480664.88
5,A05,32,sample,"608,767.94",519890.13
5,A05,33,sample,"632,344.69",543228.19
5,A05,34,sample,"646,616.38",557261.13
5,A05,35,sample,"655,299.31",565705.38
5,A05,36,sample,"660,871.31",571038.69
5,A05,37,sample,"665,259.44",575188.13
5,A05,38,sample,"668,497.88",578187.88
5,A05,39,sample,"671,226.44",580677.69
5,A05,40,sample,"672,762.00",581974.56
6,A06,1,sample,"78,579.11",-8820.83
6,A06,2,sample,"80,009.14",-7499.31
6,A06,3,sample,"81,807.23",-5809.73
6,A06,4,sample,"82,731.59",-4993.88
6,A06,5,sample,"86,292.81",-1541.17
6,A06,6,sample,"88,518.84",576.35
6,A06,7,sample,"89,869.79",1818.8
6,A06,8,sample,"90,434.41",2274.9
6,A06,9,sample,"91,209.56",2941.54
6,A06,10,sample,"91,512.72",3136.2
6,A06,11,sample,"91,690.71",3205.68
6,A06,12,sample,"91,515.56",2922.03
6,A06,13,sample,"91,172.35",2470.31
6,A06,14,sample,"90,393.59",1583.04
6,A06,15,sample,"89,778.28",859.22
6,A06,16,sample,"89,062.02",34.45
6,A06,17,sample,"88,471.91",-664.16
6,A06,18,sample,"87,700.67",-1543.91
6,A06,19,sample,"87,255.40",-2097.7
6,A06,20,sample,"87,069.91",-2391.7
6,A06,21,sample,"86,789.83",-2780.28
6,A06,22,sample,"86,811.02",-2867.6
6,A06,23,sample,"87,546.50",-2240.63
6,A06,24,sample,"89,922.10",26.47
6,A06,25,sample,"93,882.19",3878.04
6,A06,26,sample,"101,712.88",11600.22
6,A06,27,sample,"116,236.41",26015.25
6,A06,28,sample,"139,694.50",49364.83
6,A06,29,sample,"173,822.58",83384.4
6,A06,30,sample,"219,354.39",128807.7
6,A06,31,sample,"274,242.44",183587.25
6,A06,32,sample,"335,216.97",244453.27
6,A06,33,sample,"394,560.16",303687.94
6,A06,34,sample,"444,549.00",353568.28
6,A06,35,sample,"481,470.06",390380.84
6,A06,36,sample,"506,205.69",415007.94
6,A06,37,sample,"522,772.88",431466.63
6,A06,38,sample,"533,135.75",441721
6,A06,39,sample,"539,926.00",448402.75
6,A06,40,sample,"544,684.63",453052.84
7,A07,1,sample,"62,272.27",12612.85
7,A07,2,sample,"63,141.70",11253.68
7,A07,3,sample,"64,387.46",10270.83
7,A07,4,sample,"64,727.77",8382.54
7,A07,5,sample,"63,746.23",5172.39
7,A07,6,sample,"61,739.70",937.25
7,A07,7,sample,"59,920.79",-3110.26
7,A07,8,sample,"59,303.41",-5956.24
7,A07,9,sample,"59,075.39",-8412.87
7,A07,10,sample,"59,486.84",-10230.02
7,A07,11,sample,"61,989.09",-9956.38
7,A07,12,sample,"66,190.25",-7983.83
7,A07,13,sample,"72,327.31",-4075.37
7,A07,14,sample,"78,902.11",270.82
7,A07,15,sample,"85,158.63",4298.73
7,A07,16,sample,"90,039.32",6950.82
7,A07,17,sample,"92,742.01",7424.91
7,A07,18,sample,"93,283.23",5737.52
7,A07,19,sample,"92,360.60",2586.29
7,A07,20,sample,"91,761.48",-241.43
7,A07,21,sample,"92,165.82",-2065.7
7,A07,22,sample,"93,366.84",-3093.28
7,A07,23,sample,"97,351.09",-1337.65
7,A07,24,sample,"105,609.34",4692
7,A07,25,sample,"120,701.13",17555.19
7,A07,26,sample,"145,378.28",40003.73
7,A07,27,sample,"182,841.34",75238.19
7,A07,28,sample,"233,585.50",123753.74
7,A07,29,sample,"296,664.72",184604.36
7,A07,30,sample,"369,170.34",254881.38
7,A07,31,sample,"440,943.47",324425.91
7,A07,32,sample,"499,635.53",380889.34
7,A07,33,sample,"539,533.56",418558.78
7,A07,34,sample,"564,438.44",441235.06
7,A07,35,sample,"580,034.00",454602
7,A07,36,sample,"589,417.69",461757.09
7,A07,37,sample,"595,833.25",465944.03
7,A07,38,sample,"600,202.88",468085.06
7,A07,39,sample,"604,633.06",470286.66
7,A07,40,sample,"606,828.44",470253.41
8,A08,1,sample,"47,332.29",-11317.05
8,A08,2,sample,"47,964.62",-11856.49
8,A08,3,sample,"50,466.41",-10526.48
8,A08,4,sample,"52,972.03",-9192.63
8,A08,5,sample,"56,186.59",-7149.84
8,A08,6,sample,"59,761.95",-4746.25
8,A08,7,sample,"63,407.10",-2272.88
8,A08,8,sample,"68,159.36",1307.61
8,A08,9,sample,"72,042.90",4019.38
8,A08,10,sample,"75,230.28",6034.99
8,A08,11,sample,"78,491.88",8124.82
8,A08,12,sample,"81,068.92",9530.08
8,A08,13,sample,"82,499.52",9788.91
8,A08,14,sample,"82,495.57",8613.19
8,A08,15,sample,"82,308.66",7254.51
8,A08,16,sample,"81,448.10",5222.17
8,A08,17,sample,"80,559.24",3161.54
8,A08,18,sample,"79,482.18",912.71
8,A08,19,sample,"78,727.40",-1013.85
8,A08,20,sample,"78,217.04",-2695.98
8,A08,21,sample,"77,550.40",-4534.39
8,A08,22,sample,"76,997.00",-6259.56
8,A08,23,sample,"77,060.14",-7368.2
8,A08,24,sample,"77,390.27",-8209.84
8,A08,25,sample,"78,507.86",-8264.02
8,A08,26,sample,"81,781.16",-6162.5
8,A08,27,sample,"87,303.42",-1812
8,A08,28,sample,"98,043.29",7756.09
8,A08,29,sample,"115,540.95",24081.97
8,A08,30,sample,"142,682.56",50051.82
8,A08,31,sample,"180,804.86",87002.34
8,A08,32,sample,"229,432.47",134458.17
8,A08,33,sample,"285,624.06",189478
8,A08,34,sample,"344,697.19",247379.36
8,A08,35,sample,"397,461.69",298972.09
8,A08,36,sample,"441,100.06",341438.69
8,A08,37,sample,"472,951.22",372118.06
8,A08,38,sample,"496,060.72",394055.78
8,A08,39,sample,"511,718.94",408542.25
8,A08,40,sample,"521,240.53",416892.06
9,A09,1,sample,"199,916.22",-8244.26
9,A09,2,sample,"203,787.41",-8882.54
9,A09,3,sample,"213,384.67",-3794.74
9,A09,4,sample,"221,048.30",-640.57
9,A09,5,sample,"226,809.25",610.92
9,A09,6,sample,"232,417.72",1709.92
9,A09,7,sample,"237,159.36",1942.1
9,A09,8,sample,"241,132.75",1406.03
9,A09,9,sample,"245,139.14",902.96
9,A09,10,sample,"249,198.58",452.94
9,A09,11,sample,"253,249.38",-5.73
9,A09,12,sample,"257,387.16",-377.41
9,A09,13,sample,"261,798.72",-475.31
9,A09,14,sample,"266,424.47",-359.02
9,A09,15,sample,"270,408.81",-884.14
9,A09,16,sample,"275,314.47",-487.95
9,A09,17,sample,"280,928.34",616.47
9,A09,18,sample,"286,325.50",1504.16
9,A09,19,sample,"292,529.69",3198.88
9,A09,20,sample,"299,746.31",5906.05
9,A09,21,sample,"307,890.66",9540.93
9,A09,22,sample,"316,882.06",14022.87
9,A09,23,sample,"327,829.19",20460.54
9,A09,24,sample,"341,457.78",29579.67
9,A09,25,sample,"359,345.72",42958.14
9,A09,26,sample,"382,844.78",61947.74
9,A09,27,sample,"413,955.34",88548.84
9,A09,28,sample,"453,528.63",123612.66
9,A09,29,sample,"501,037.13",166611.7
9,A09,30,sample,"552,871.31",213936.42
9,A09,31,sample,"602,901.75",259457.41
9,A09,32,sample,"647,781.38",299827.56
9,A09,33,sample,"682,702.63",330239.34
9,A09,34,sample,"708,663.19",351690.44
9,A09,35,sample,"727,970.44",366488.25
9,A09,36,sample,"742,011.50",376019.84
9,A09,37,sample,"751,493.56",380992.44
9,A09,38,sample,"759,491.25",384480.66
9,A09,39,sample,"765,542.88",386022.84
9,A09,40,sample,"769,990.06",385960.56
10,A10,1,sample,"250,678.17",-20441.42
10,A10,2,sample,"258,388.03",-20751.05
10,A10,3,sample,"275,425.31",-11733.26
10,A10,4,sample,"290,732.63",-4445.45
10,A10,5,sample,"303,868.59",671.03
10,A10,6,sample,"314,658.38",3441.31
10,A10,7,sample,"324,710.50",5473.94
10,A10,8,sample,"333,109.75",5853.7
10,A10,9,sample,"340,398.28",5122.73
10,A10,10,sample,"347,520.41",4225.36
10,A10,11,sample,"353,831.25",2516.71
10,A10,12,sample,"360,241.94",907.91
10,A10,13,sample,"366,208.16",-1145.37
10,A10,14,sample,"372,908.44",-2464.58
10,A10,15,sample,"380,101.78",-3290.73
10,A10,16,sample,"388,496.53",-2915.48
10,A10,17,sample,"397,213.69",-2217.82
10,A10,18,sample,"406,447.16",-1003.84
10,A10,19,sample,"416,953.78",1483.29
10,A10,20,sample,"428,615.03",5125.04
10,A10,21,sample,"441,206.72",9697.23
10,A10,22,sample,"454,968.72",15439.74
10,A10,23,sample,"470,334.94",22786.46
10,A10,24,sample,"487,289.25",31721.28
10,A10,25,sample,"507,429.34",43841.88
10,A10,26,sample,"531,303.69",59696.73
10,A10,27,sample,"560,163.88",80537.42
10,A10,28,sample,"595,749.94",108103.98
10,A10,29,sample,"637,369.06",141703.63
10,A10,30,sample,"680,691.31",177006.38
10,A10,31,sample,"723,602.50",211898.06
10,A10,32,sample,"761,494.13",241770.2
10,A10,33,sample,"791,651.25",263907.81
10,A10,34,sample,"813,023.38",277260.47
10,A10,35,sample,"826,642.75",282860.34
10,A10,36,sample,"837,563.44",285761.53
10,A10,37,sample,"847,106.94",287285.53
10,A10,38,sample,"854,784.88",286943.97
10,A10,39,sample,"861,832.63",285972.22
10,A10,40,sample,"866,814.38",282934.5
11,A11,1,sample,"128,819.55",-12729
11,A11,2,sample,"130,697.76",-11266.33
11,A11,3,sample,"135,592.08",-6787.56
11,A11,4,sample,"139,287.09",-3508.09
11,A11,5,sample,"143,369.97",159.24
11,A11,6,sample,"145,298.80",1672.52
11,A11,7,sample,"146,583.23",2541.42
11,A11,8,sample,"147,456.39",2999.03
11,A11,9,sample,"147,493.80",2620.89
11,A11,10,sample,"148,197.50",2909.04
11,A11,11,sample,"147,641.52",1937.51
11,A11,12,sample,"147,163.78",1044.23
11,A11,13,sample,"147,358.20",823.11
11,A11,14,sample,"147,206.05",255.41
11,A11,15,sample,"146,990.58",-375.61
11,A11,16,sample,"147,109.34",-672.39
11,A11,17,sample,"147,096.53",-1100.74
11,A11,18,sample,"146,681.88",-1930.95
11,A11,19,sample,"146,441.28",-2587.09
11,A11,20,sample,"146,697.56",-2746.35
11,A11,21,sample,"147,820.75",-2038.71
11,A11,22,sample,"149,518.20",-756.8
11,A11,23,sample,"152,764.72",2074.17
11,A11,24,sample,"158,238.67",7132.58
11,A11,25,sample,"167,885.08",16363.44
11,A11,26,sample,"184,389.86",32452.67
11,A11,27,sample,"209,914.00",57561.27
11,A11,28,sample,"245,793.14",93024.86
11,A11,29,sample,"291,637.03",138453.2
11,A11,30,sample,"345,854.16",192254.78
11,A11,31,sample,"402,070.41",248055.48
11,A11,32,sample,"454,190.94",299760.47
11,A11,33,sample,"496,607.63",341761.63
11,A11,34,sample,"527,528.75",372267.19
11,A11,35,sample,"548,579.88",392902.78
11,A11,36,sample,"562,783.31",406690.66
11,A11,37,sample,"571,932.69",415424.5
11,A11,38,sample,"578,251.25",421327.5
11,A11,39,sample,"582,813.38",425474.09
11,A11,40,sample,"586,492.56",428737.75
12,A12,1,sample,"126,997.17",-8845.75
12,A12,2,sample,"129,238.42",-8550.89
12,A12,3,sample,"134,672.13",-5063.58
12,A12,4,sample,"139,503.47",-2178.63
12,A12,5,sample,"143,311.30",-317.19
12,A12,6,sample,"146,273.44",698.56
12,A12,7,sample,"149,448.69",1927.42
12,A12,8,sample,"151,857.63",2389.97
12,A12,9,sample,"153,325.27",1911.22
12,A12,10,sample,"155,246.55",1886.11
12,A12,11,sample,"157,258.97",1952.14
12,A12,12,sample,"158,955.22",1702
12,A12,13,sample,"160,061.64",862.03
12,A12,14,sample,"161,206.77",60.76
12,A12,15,sample,"162,480.52",-611.88
12,A12,16,sample,"164,056.58",-982.2
12,A12,17,sample,"165,638.55",-1346.63
12,A12,18,sample,"167,562.17",-1369.39
12,A12,19,sample,"169,357.25",-1520.7
12,A12,20,sample,"170,412.45",-2411.89
12,A12,21,sample,"173,452.52",-1318.22
12,A12,22,sample,"176,924.44",207.31
12,A12,23,sample,"181,196.39",2532.88
12,A12,24,sample,"187,005.67",6395.77
12,A12,25,sample,"196,542.11",13985.81
12,A12,26,sample,"210,129.86",25627.17
12,A12,27,sample,"230,989.84",44540.77
12,A12,28,sample,"260,932.08",72536.61
12,A12,29,sample,"300,028.22",109686.36
12,A12,30,sample,"345,544.38",153256.13
12,A12,31,sample,"395,045.06",200810.42
12,A12,32,sample,"442,906.19",246725.16
12,A12,33,sample,"482,847.66",284720.25
12,A12,34,sample,"512,869.13",312795.31
12,A12,35,sample,"533,778.56",331758.38
12,A12,36,sample,"547,427.19",343460.59
12,A12,37,sample,"556,453.19",350540.22
12,A12,38,sample,"564,492.31",356632.94
12,A12,39,sample,"569,242.50",359436.75
12,A12,40,sample,"572,954.19",361202.03
13,B01,1,sample,"76,254.99",-3585.26
13,B01,2,sample,"77,156.48",-2978.55
13,B01,3,sample,"79,015.83",-1413.97
13,B01,4,sample,"80,046.59",-677.98
13,B01,5,sample,"80,964.46",-54.89
13,B01,6,sample,"81,435.54",121.41
13,B01,7,sample,"82,008.38",399.48
13,B01,8,sample,"82,891.82",988.14
13,B01,9,sample,"82,978.01",779.56
13,B01,10,sample,"83,067.00",573.77
13,B01,11,sample,"83,161.00",373
13,B01,12,sample,"83,145.13",62.36
13,B01,13,sample,"83,454.34",76.79
13,B01,14,sample,"84,042.59",370.27
13,B01,15,sample,"84,194.54",227.44
13,B01,16,sample,"83,941.27",-320.61
13,B01,17,sample,"83,741.54",-815.11
13,B01,18,sample,"84,161.78",-689.64
13,B01,19,sample,"84,622.77",-523.43
13,B01,20,sample,"85,206.71",-234.26
13,B01,21,sample,"86,549.23",813.48
13,B01,22,sample,"88,755.19",2724.66
13,B01,23,sample,"93,010.93",6685.63
13,B01,24,sample,"100,418.30",13798.22
13,B01,25,sample,"113,566.04",26651.19
13,B01,26,sample,"133,710.81",46501.19
13,B01,27,sample,"163,110.94",75606.54
13,B01,28,sample,"202,609.47",114810.3
13,B01,29,sample,"249,890.55",161796.59
13,B01,30,sample,"301,438.81",213050.09
13,B01,31,sample,"351,830.66",263147.16
13,B01,32,sample,"395,239.78",306261.5
13,B01,33,sample,"428,431.78",339158.72
13,B01,34,sample,"452,117.75",362549.94
13,B01,35,sample,"467,894.56",378031.97
13,B01,36,sample,"478,236.81",388079.44
13,B01,37,sample,"485,762.44",395310.28
13,B01,38,sample,"490,784.06",400037.13
13,B01,39,sample,"494,881.91",403840.22
13,B01,40,sample,"497,663.69",406327.22
14,B02,1,sample,"212,601.34",-1315.07
14,B02,2,sample,"215,150.94",-1838.64
14,B02,3,sample,"219,489.22",-573.53
14,B02,4,sample,"223,320.89",184.98
14,B02,5,sample,"226,553.89",344.81
14,B02,6,sample,"229,645.33",363.08
14,B02,7,sample,"232,368.75",13.33
14,B02,8,sample,"235,415.19",-13.4
14,B02,9,sample,"238,204.14",-297.62
14,B02,10,sample,"241,329.98",-244.94
14,B02,11,sample,"244,899.25",251.16
14,B02,12,sample,"247,844.09",122.83
14,B02,13,sample,"250,701.38",-93.05
14,B02,14,sample,"253,809.95",-57.64
14,B02,15,sample,"257,859.98",919.22
14,B02,16,sample,"263,653.16",3639.22
14,B02,17,sample,"269,424.44",6337.34
14,B02,18,sample,"274,939.22",8778.95
14,B02,19,sample,"280,964.50",11731.06
14,B02,20,sample,"286,496.69",14190.08
14,B02,21,sample,"291,579.84",16200.07
14,B02,22,sample,"304,076.47",25623.53
14,B02,23,sample,"338,479.75",56953.64
14,B02,24,sample,"357,725.97",73126.69
14,B02,25,sample,"374,705.28",87032.84
14,B02,26,sample,"396,556.03",105810.41
14,B02,27,sample,"425,809.94",131991.16
14,B02,28,sample,"463,907.91",167015.95
14,B02,29,sample,"508,836.09",208870.97
14,B02,30,sample,"554,675.88",251637.58
14,B02,31,sample,"594,503.38",288391.91
14,B02,32,sample,"624,041.50",314856.88
14,B02,33,sample,"643,751.56",331493.78
14,B02,34,sample,"657,870.69",342539.72
14,B02,35,sample,"666,661.75",348257.63
14,B02,36,sample,"673,206.38",351729.06
14,B02,37,sample,"677,557.69",353007.22
14,B02,38,sample,"681,796.19",354172.56
14,B02,39,sample,"685,653.06",354956.25
14,B02,40,sample,"687,769.75",353999.78
15,B03,1,sample,"81,800.04",-3433.09
15,B03,2,sample,"82,954.96",-1997.56
15,B03,3,sample,"84,204.94",-466.97
15,B03,4,sample,"83,525.43",-865.87
15,B03,5,sample,"83,402.61",-708.08
15,B03,6,sample,"84,578.33",748.25
15,B03,7,sample,"85,317.02",1767.55
15,B03,8,sample,"83,662.89",394.03
15,B03,9,sample,"83,017.59",29.34
15,B03,10,sample,"82,792.56",84.92
15,B03,11,sample,"82,422.25",-4.78
15,B03,12,sample,"81,777.98",-368.44
15,B03,13,sample,"81,515.74",-350.07
15,B03,14,sample,"81,385.36",-199.84
15,B03,15,sample,"81,244.55",-60.04
15,B03,16,sample,"81,083.20",59.22
15,B03,17,sample,"81,198.91",455.55
15,B03,18,sample,"82,151.18",1688.42
15,B03,19,sample,"83,145.25",2963.1
15,B03,20,sample,"85,703.48",5801.94
15,B03,21,sample,"89,415.77",9794.84
15,B03,22,sample,"97,218.91",17878.59
15,B03,23,sample,"111,325.66",32265.96
15,B03,24,sample,"133,865.09",55086
15,B03,25,sample,"167,820.08",89321.59
15,B03,26,sample,"215,234.98",137017.11
15,B03,27,sample,"277,593.56",199656.3
15,B03,28,sample,"353,924.84",276268.19
15,B03,29,sample,"432,833.84",355457.81
15,B03,30,sample,"498,294.75",421199.31
15,B03,31,sample,"544,741.69",467926.88
15,B03,32,sample,"572,746.88",496212.66
15,B03,33,sample,"589,363.81",513110.22
15,B03,34,sample,"600,125.38",524152.38
15,B03,35,sample,"606,533.50",530841.13
15,B03,36,sample,"611,194.44",535782.69
15,B03,37,sample,"614,695.31",539564.13
15,B03,38,sample,"616,721.13",541870.56
15,B03,39,sample,"619,042.50",544472.56
15,B03,40,sample,"620,968.75",546679.44
16,B04,1,sample,"94,072.48",-6031.8
16,B04,2,sample,"94,560.05",-4423.24
16,B04,3,sample,"94,912.81",-2949.48
16,B04,4,sample,"95,511.46",-1229.82
16,B04,5,sample,"95,296.60",-323.68
16,B04,6,sample,"94,805.13",305.85
16,B04,7,sample,"94,175.88",797.61
16,B04,8,sample,"93,866.19",1608.92
16,B04,9,sample,"94,040.02",2903.75
16,B04,10,sample,"93,545.24",3529.98
16,B04,11,sample,"91,632.86",2738.59
16,B04,12,sample,"85,751.32",-2021.94
16,B04,13,sample,"83,813.78",-2838.48
16,B04,14,sample,"83,009.97",-2521.29
16,B04,15,sample,"82,934.02",-1476.24
16,B04,16,sample,"83,379.59",90.34
16,B04,17,sample,"83,692.86",1524.61
16,B04,18,sample,"84,140.95",3093.7
16,B04,19,sample,"84,564.74",4638.5
16,B04,20,sample,"86,345.61",7540.37
16,B04,21,sample,"89,586.75",11902.51
16,B04,22,sample,"94,980.48",18417.24
16,B04,23,sample,"104,877.88",29435.64
16,B04,24,sample,"122,571.98",48250.75
16,B04,25,sample,"149,443.72",76243.49
16,B04,26,sample,"189,014.09",116934.87
16,B04,27,sample,"243,732.84",172774.63
16,B04,28,sample,"314,965.66",245128.44
16,B04,29,sample,"397,048.19",328331.97
16,B04,30,sample,"476,414.44",408819.22
16,B04,31,sample,"538,428.56",471954.34
16,B04,32,sample,"579,073.50",513720.28
16,B04,33,sample,"604,184.63",539952.44
16,B04,34,sample,"619,907.06",556795.88
16,B04,35,sample,"628,994.19",567004
16,B04,36,sample,"635,380.31",574511.13
16,B04,37,sample,"640,044.94",580296.75
16,B04,38,sample,"643,812.50",585185.31
16,B04,39,sample,"647,156.69",589650.5
16,B04,40,sample,"649,027.00",592641.81
17,B05,1,sample,"78,980.43",-8735
17,B05,2,sample,"80,355.70",-7498.55
17,B05,3,sample,"83,807.63",-4185.45
17,B05,4,sample,"86,508.68",-1623.22
17,B05,5,sample,"88,226.97",-43.76
17,B05,6,sample,"89,243.75",834.2
17,B05,7,sample,"89,355.17",806.79
17,B05,8,sample,"90,267.18",1579.98
17,B05,9,sample,"91,140.64",2314.61
17,B05,10,sample,"91,124.83",2159.97
17,B05,11,sample,"90,508.82",1405.14
17,B05,12,sample,"90,079.16",836.66
17,B05,13,sample,"89,995.52",614.19
17,B05,14,sample,"89,736.90",216.74
17,B05,15,sample,"89,114.65",-544.33
17,B05,16,sample,"88,644.57",-1153.24
17,B05,17,sample,"88,361.87",-1574.77
17,B05,18,sample,"88,431.95",-1643.51
17,B05,19,sample,"89,078.20",-1136.08
17,B05,20,sample,"90,115.76",-237.35
17,B05,21,sample,"91,281.63",789.7
17,B05,22,sample,"94,226.56",3595.8
17,B05,23,sample,"100,679.05",9909.46
17,B05,24,sample,"111,816.81",20908.4
17,B05,25,sample,"130,014.98",38967.75
17,B05,26,sample,"159,425.77",68239.7
17,B05,27,sample,"201,387.97",110063.09
17,B05,28,sample,"258,023.97",166560.25
17,B05,29,sample,"330,005.13",238402.59
17,B05,30,sample,"409,943.72",318202.34
17,B05,31,sample,"484,765.56",392885.38
17,B05,32,sample,"541,647.00",449628
17,B05,33,sample,"577,610.25",485452.41
17,B05,34,sample,"599,663.13",507366.47
17,B05,35,sample,"612,279.50",519844
17,B05,36,sample,"620,241.81",527667.5
17,B05,37,sample,"625,901.56",533188.44
17,B05,38,sample,"630,038.88",537186.94
17,B05,39,sample,"633,155.38",540164.56
17,B05,40,sample,"634,835.63",541706
18,B06,1,sample,"79,517.34",-4926.18
18,B06,2,sample,"80,815.14",-4599.82
18,B06,3,sample,"81,453.33",-4933.08
18,B06,4,sample,"83,257.90",-4099.96
18,B06,5,sample,"88,503.73",174.43
18,B06,6,sample,"90,986.02",1685.27
18,B06,7,sample,"92,861.18",2588.98
18,B06,8,sample,"94,942.55",3698.9
18,B06,9,sample,"95,365.94",3150.84
18,B06,10,sample,"95,843.84",2657.29
18,B06,11,sample,"95,705.36",1547.37
18,B06,12,sample,"95,805.77",676.33
18,B06,13,sample,"95,533.70",-567.18
18,B06,14,sample,"95,596.17",-1476.16
18,B06,15,sample,"95,922.02",-2121.76
18,B06,16,sample,"96,033.97",-2981.26
18,B06,17,sample,"96,911.27",-3075.4
18,B06,18,sample,"98,482.07",-2476.05
18,B06,19,sample,"100,568.69",-1360.88
18,B06,20,sample,"104,452.58",1551.56
18,B06,21,sample,"111,799.78",7927.32
18,B06,22,sample,"125,453.16",20609.24
18,B06,23,sample,"147,882.09",42066.73
18,B06,24,sample,"180,732.09",73945.29
18,B06,25,sample,"225,733.86",117975.6
18,B06,26,sample,"284,017.34",175287.64
18,B06,27,sample,"354,206.31",244505.16
18,B06,28,sample,"426,006.91",315334.31
18,B06,29,sample,"485,995.97",374351.94
18,B06,30,sample,"527,762.63",415147.13
18,B06,31,sample,"552,713.38",439126.44
18,B06,32,sample,"568,428.81",453870.44
18,B06,33,sample,"577,714.50",462184.66
18,B06,34,sample,"584,102.94",467601.66
18,B06,35,sample,"588,762.38",471289.66
18,B06,36,sample,"592,220.06",473775.88
18,B06,37,sample,"595,028.50",475612.88
18,B06,38,sample,"596,343.44",475956.38
18,B06,39,sample,"598,615.56",477257.03
18,B06,40,sample,"599,736.56",477406.59
19,B07,1,sample,"77,674.48",3878.5
19,B07,2,sample,"74,818.08",930.81
19,B07,3,sample,"73,490.20",-488.38
19,B07,4,sample,"73,786.09",-283.78
19,B07,5,sample,"73,971.80",-189.37
19,B07,6,sample,"74,067.88",-184.59
19,B07,7,sample,"74,564.39",220.62
19,B07,8,sample,"74,843.40",408.33
19,B07,9,sample,"75,218.63",692.27
19,B07,10,sample,"75,124.41",506.74
19,B07,11,sample,"74,758.18",49.22
19,B07,12,sample,"74,682.34",-117.92
19,B07,13,sample,"75,000.70",109.14
19,B07,14,sample,"74,928.90",-53.96
19,B07,15,sample,"74,872.07",-202.09
19,B07,16,sample,"75,138.93",-26.52
19,B07,17,sample,"75,130.19",-126.57
19,B07,18,sample,"75,034.91",-313.15
19,B07,19,sample,"75,128.12",-311.23
19,B07,20,sample,"75,918.95",388.3
19,B07,21,sample,"77,473.35",1851.4
19,B07,22,sample,"80,651.23",4937.99
19,B07,23,sample,"85,831.53",10026.99
19,B07,24,sample,"95,260.06",19364.22
19,B07,25,sample,"111,260.03",35272.89
19,B07,26,sample,"137,313.92",61235.48
19,B07,27,sample,"176,018.41",99848.66
19,B07,28,sample,"229,045.86",152784.83
19,B07,29,sample,"296,333.59",219981.25
19,B07,30,sample,"374,066.00",297622.38
19,B07,31,sample,"450,839.09",374304.16
19,B07,32,sample,"512,112.44",435486.22
19,B07,33,sample,"552,823.06",476105.53
19,B07,34,sample,"577,571.31",500762.47
19,B07,35,sample,"592,348.00",515447.88
19,B07,36,sample,"602,117.19",525125.75
19,B07,37,sample,"607,821.75",530739
19,B07,38,sample,"612,151.69",534977.69
19,B07,39,sample,"615,379.31",538114
19,B07,40,sample,"616,822.38",539465.75
20,B08,1,sample,"90,214.91",-1888.79
20,B08,2,sample,"90,548.74",-1379.06
20,B08,3,sample,"91,348.45",-403.45
20,B08,4,sample,"91,608.80",32.79
20,B08,5,sample,"91,422.19",22.08
20,B08,6,sample,"91,301.67",77.46
20,B08,7,sample,"91,367.98",319.67
20,B08,8,sample,"91,140.67",268.26
20,B08,9,sample,"90,858.35",161.83
20,B08,10,sample,"90,362.59",-158.04
20,B08,11,sample,"90,080.36",-264.37
20,B08,12,sample,"90,060.35",-108.48
20,B08,13,sample,"90,206.97",214.04
20,B08,14,sample,"89,718.59",-98.44
20,B08,15,sample,"89,577.78",-63.36
20,B08,16,sample,"89,695.62",230.38
20,B08,17,sample,"90,147.01",857.66
20,B08,18,sample,"90,228.97",1115.52
20,B08,19,sample,"90,486.16",1548.6
20,B08,20,sample,"91,269.22",2507.56
20,B08,21,sample,"92,568.55",3982.79
20,B08,22,sample,"95,458.51",7048.65
20,B08,23,sample,"101,084.80",12850.83
20,B08,24,sample,"111,314.19",23256.12
20,B08,25,sample,"128,783.51",40901.34
20,B08,26,sample,"156,289.47",68583.2
20,B08,27,sample,"196,292.97",108762.59
20,B08,28,sample,"252,590.16",165235.67
20,B08,29,sample,"325,282.47",238103.89
20,B08,30,sample,"409,809.16",322806.47
20,B08,31,sample,"494,414.44",407587.66
20,B08,32,sample,"562,144.81",475493.91
20,B08,33,sample,"608,041.25",521566.25
20,B08,34,sample,"636,955.50",550656.38
20,B08,35,sample,"654,589.50",568466.31
20,B08,36,sample,"665,481.81",579534.5
20,B08,37,sample,"672,614.38",586842.94
20,B08,38,sample,"677,448.19",591852.69
20,B08,39,sample,"681,188.31",595768.69
20,B08,40,sample,"684,095.94",598852.19
21,B09,1,sample,"91,041.23",1026.77
21,B09,2,sample,"91,369.81",1193.02
21,B09,3,sample,"90,757.66",418.55
21,B09,4,sample,"89,590.77",-910.65
21,B09,5,sample,"89,319.38",-1344.37
21,B09,6,sample,"89,301.77",-1524.31
21,B09,7,sample,"89,989.19",-999.21
21,B09,8,sample,"92,762.23",1611.51
21,B09,9,sample,"93,343.61",2030.57
21,B09,10,sample,"93,283.50",1808.14
21,B09,11,sample,"92,942.75",1305.07
21,B09,12,sample,"92,538.48",738.47
21,B09,13,sample,"91,777.63",-184.7
21,B09,14,sample,"91,450.88",-673.77
21,B09,15,sample,"91,265.11",-1021.86
21,B09,16,sample,"91,195.84",-1253.45
21,B09,17,sample,"91,443.53",-1168.08
21,B09,18,sample,"91,598.83",-1175.11
21,B09,19,sample,"92,657.97",-278.29
21,B09,20,sample,"94,163.58",1065
21,B09,21,sample,"96,104.52",2843.61
21,B09,22,sample,"101,251.25",7828.03
21,B09,23,sample,"110,227.60",16642.05
21,B09,24,sample,"125,554.65",31806.78
21,B09,25,sample,"150,421.05",56510.86
21,B09,26,sample,"186,865.48",92792.97
21,B09,27,sample,"237,950.05",143715.22
21,B09,28,sample,"306,540.31",212143.16
21,B09,29,sample,"389,595.16",295035.69
21,B09,30,sample,"474,805.31",380083.5
21,B09,31,sample,"546,986.13",452102
21,B09,32,sample,"597,562.00",502515.56
21,B09,33,sample,"629,878.56",534669.81
21,B09,34,sample,"649,165.06",553794
21,B09,35,sample,"661,300.94",565767.5
21,B09,36,sample,"669,628.19",573932.44
21,B09,37,sample,"674,536.44",578678.38
21,B09,38,sample,"677,962.19",581941.81
21,B09,39,sample,"680,578.63",584395.94
21,B09,40,sample,"682,791.63",586446.63
22,B10,1,sample,"55,250.98",-13536.86
22,B10,2,sample,"56,994.04",-12684.28
22,B10,3,sample,"62,080.36",-8488.44
22,B10,4,sample,"67,924.71",-3534.56
22,B10,5,sample,"73,801.73",1451.98
22,B10,6,sample,"77,791.27",4551.05
22,B10,7,sample,"78,116.16",3985.45
22,B10,8,sample,"78,063.09",3041.92
22,B10,9,sample,"78,484.05",2572.39
22,B10,10,sample,"78,881.73",2079.6
22,B10,11,sample,"78,892.36",1199.75
22,B10,12,sample,"78,612.57",29.49
22,B10,13,sample,"79,081.05",-392.51
22,B10,14,sample,"79,330.06",-1033.98
22,B10,15,sample,"78,976.63",-2277.88
22,B10,16,sample,"78,960.71",-3184.27
22,B10,17,sample,"79,124.30",-3911.16
22,B10,18,sample,"79,949.34",-3976.6
22,B10,19,sample,"81,120.96",-3695.45
22,B10,20,sample,"82,170.61",-3536.28
22,B10,21,sample,"84,247.52",-2349.85
22,B10,22,sample,"88,459.48",971.64
22,B10,23,sample,"96,988.06",8609.75
22,B10,24,sample,"111,679.42",22410.63
22,B10,25,sample,"134,947.02",44787.75
22,B10,26,sample,"170,102.28",79052.54
22,B10,27,sample,"219,806.30",127866.08
22,B10,28,sample,"286,126.84",193296.14
22,B10,29,sample,"368,525.94",274804.75
22,B10,30,sample,"454,992.75",360381.09
22,B10,31,sample,"528,690.75",433188.63
22,B10,32,sample,"580,984.38",484591.78
22,B10,33,sample,"613,358.06",516075
22,B10,34,sample,"632,942.13",534768.56
22,B10,35,sample,"644,158.00",545094
22,B10,36,sample,"652,509.38",552554.88
22,B10,37,sample,"657,599.69",556754.69
22,B10,38,sample,"661,121.69",559386.25
22,B10,39,sample,"663,544.94",560919
22,B10,40,sample,"665,859.88",562343.44
23,B11,1,sample,"90,020.63",-5088.26
23,B11,2,sample,"91,494.49",-2673.92
23,B11,3,sample,"93,251.43",23.48
23,B11,4,sample,"93,448.14",1160.67
23,B11,5,sample,"93,070.31",1723.31
23,B11,6,sample,"92,524.30",2117.77
23,B11,7,sample,"91,543.81",2077.75
23,B11,8,sample,"90,918.90",2393.31
23,B11,9,sample,"88,926.56",1341.45
23,B11,10,sample,"83,057.06",-3587.59
23,B11,11,sample,"81,477.27",-4226.91
23,B11,12,sample,"81,232.08",-3531.62
23,B11,13,sample,"80,936.03",-2887.2
23,B11,14,sample,"80,718.52",-2164.24
23,B11,15,sample,"80,607.69",-1334.6
23,B11,16,sample,"80,511.81",-490
23,B11,17,sample,"79,868.29",-193.06
23,B11,18,sample,"79,675.61",554.74
23,B11,19,sample,"79,747.06",1566.65
23,B11,20,sample,"79,644.33",2404.4
23,B11,21,sample,"79,351.16",3051.7
23,B11,22,sample,"79,328.66",3969.68
23,B11,23,sample,"79,515.38",5096.87
23,B11,24,sample,"79,274.91",5796.86
23,B11,25,sample,"79,219.13",6681.55
23,B11,26,sample,"79,432.54",7835.44
23,B11,27,sample,"80,097.56",9440.92
23,B11,28,sample,"81,013.44",11297.28
23,B11,29,sample,"82,563.67",13787.98
23,B11,30,sample,"85,921.07",18085.85
23,B11,31,sample,"91,264.04",24369.29
23,B11,32,sample,"99,993.76",34039.48
23,B11,33,sample,"113,013.36",47999.55
23,B11,34,sample,"130,835.56",66762.23
23,B11,35,sample,"154,735.97",91603.11
23,B11,36,sample,"183,044.88",120852.48
23,B11,37,sample,"214,993.64",153741.72
23,B11,38,sample,"246,801.92",186490.47
23,B11,39,sample,"276,906.84",217535.88
23,B11,40,sample,"299,669.00",241238.5
24,B12,1,sample,"73,222.14",-3274.03
24,B12,2,sample,"73,610.89",-3051.32
24,B12,3,sample,"75,116.39",-1711.85
24,B12,4,sample,"76,461.65",-532.63
24,B12,5,sample,"77,295.84",135.53
24,B12,6,sample,"77,449.45",123.1
24,B12,7,sample,"78,054.31",561.93
24,B12,8,sample,"78,205.41",546.99
24,B12,9,sample,"78,809.75",985.29
24,B12,10,sample,"78,821.07",830.58
24,B12,11,sample,"78,845.75",689.22
24,B12,12,sample,"78,400.31",77.75
24,B12,13,sample,"78,221.24",-267.36
24,B12,14,sample,"78,636.27",-18.36
24,B12,15,sample,"78,599.44",-221.23
24,B12,16,sample,"78,700.72",-285.99
24,B12,17,sample,"78,800.53",-352.21
24,B12,18,sample,"79,197.15",-121.63
24,B12,19,sample,"79,045.67",-439.14
24,B12,20,sample,"78,877.74",-773.11
24,B12,21,sample,"79,725.27",-91.62
24,B12,22,sample,"82,550.56",2567.64
24,B12,23,sample,"86,885.16",6736.2
24,B12,24,sample,"94,785.04",14470.05
24,B12,25,sample,"108,790.02",28308.99
24,B12,26,sample,"132,315.88",51668.81
24,B12,27,sample,"166,040.02",85226.92
24,B12,28,sample,"212,384.92",131405.78
24,B12,29,sample,"271,862.97",190717.8
24,B12,30,sample,"340,253.41",258942.2
24,B12,31,sample,"407,896.22",326418.97
24,B12,32,sample,"462,865.88",381222.59
24,B12,33,sample,"500,403.13",418593.81
24,B12,34,sample,"522,717.19",440741.84
24,B12,35,sample,"535,165.44",453024.06
24,B12,36,sample,"543,709.81",461402.41
24,B12,37,sample,"548,563.31",466089.84
24,B12,38,sample,"551,941.25",469301.75
24,B12,39,sample,"554,116.19",471310.66
24,B12,40,sample,"555,428.88",472457.31
25,C01,1,sample,"52,195.83",10564.5
25,C01,2,sample,"52,263.63",9697.65
25,C01,3,sample,"52,211.95",8711.33
25,C01,4,sample,"52,033.79",7598.52
25,C01,5,sample,"52,111.65",6741.74
25,C01,6,sample,"51,510.79",5206.24
25,C01,7,sample,"50,438.73",3199.54
25,C01,8,sample,"49,656.38",1482.54
25,C01,9,sample,"48,375.04",-733.45
25,C01,10,sample,"47,063.59",-2979.54
25,C01,11,sample,"46,265.19",-4712.59
25,C01,12,sample,"45,669.41",-6243.02
25,C01,13,sample,"44,666.41",-8180.66
25,C01,14,sample,"44,512.11",-9269.61
25,C01,15,sample,"45,044.93",-9671.44
25,C01,16,sample,"46,280.40",-9370.61
25,C01,17,sample,"48,415.31",-8170.34
25,C01,18,sample,"51,766.53",-5753.77
25,C01,19,sample,"55,572.04",-2882.91
25,C01,20,sample,"59,377.04",-12.55
25,C01,21,sample,"63,290.21",2965.98
25,C01,22,sample,"66,304.77",5045.9
25,C01,23,sample,"68,703.49",6509.97
25,C01,24,sample,"69,900.80",6772.63
25,C01,25,sample,"70,994.97",6932.15
25,C01,26,sample,"71,811.41",6813.95
25,C01,27,sample,"72,658.35",6726.25
25,C01,28,sample,"75,528.45",8661.7
25,C01,29,sample,"80,836.66",13035.27
25,C01,30,sample,"90,937.75",22201.71
25,C01,31,sample,"106,851.26",37180.57
25,C01,32,sample,"131,192.70",60587.37
25,C01,33,sample,"165,122.33",93582.35
25,C01,34,sample,"210,161.17",137686.55
25,C01,35,sample,"264,254.13",190844.86
25,C01,36,sample,"322,057.19",247713.28
25,C01,37,sample,"376,375.31",301096.75
25,C01,38,sample,"419,815.75",343602.53
25,C01,39,sample,"451,206.28",374058.44
25,C01,40,sample,"470,770.88",392688.38
26,C02,1,sample,"68,820.95",-17259.63
26,C02,2,sample,"73,295.78",-13305.64
26,C02,3,sample,"79,564.34",-7557.91
26,C02,4,sample,"82,668.68",-4974.41
26,C02,5,sample,"84,680.38",-3483.55
26,C02,6,sample,"86,662.33",-2022.43
26,C02,7,sample,"89,815.88",610.28
26,C02,8,sample,"96,336.79",6610.35
26,C02,9,sample,"96,962.84",6715.56
26,C02,10,sample,"96,249.10",5480.99
26,C02,11,sample,"95,897.77",4608.83
26,C02,12,sample,"95,051.07",3241.29
26,C02,13,sample,"94,362.38",2031.76
26,C02,14,sample,"94,080.30",1228.84
26,C02,15,sample,"93,759.11",386.82
26,C02,16,sample,"92,950.30",-942.83
26,C02,17,sample,"92,355.84",-2058.12
26,C02,18,sample,"92,373.22",-2561.58
26,C02,19,sample,"92,288.75",-3166.89
26,C02,20,sample,"91,829.48",-4146.99
26,C02,21,sample,"91,721.39",-4775.92
26,C02,22,sample,"91,922.40",-5095.75
26,C02,23,sample,"93,024.66",-4514.32
26,C02,24,sample,"94,992.71",-3067.11
26,C02,25,sample,"98,586.38",5.72
26,C02,26,sample,"106,102.57",7001.08
26,C02,27,sample,"119,067.81",19445.48
26,C02,28,sample,"140,588.02",40444.85
26,C02,29,sample,"172,966.44",72302.44
26,C02,30,sample,"218,296.09",117111.26
26,C02,31,sample,"275,988.22",174282.55
26,C02,32,sample,"343,736.00",241509.48
26,C02,33,sample,"413,659.94",310912.59
26,C02,34,sample,"474,614.78",371346.59
26,C02,35,sample,"519,495.13",415706.09
26,C02,36,sample,"549,870.69",445560.84
26,C02,37,sample,"569,202.94",464372.25
26,C02,38,sample,"581,859.00",476507.47
26,C02,39,sample,"589,950.13",484077.75
26,C02,40,sample,"594,644.69",488251.47
27,C03,1,sample,"78,939.77",-7722.41
27,C03,2,sample,"83,890.88",-2823.29
27,C03,3,sample,"86,290.91",-475.24
27,C03,4,sample,"86,997.60",179.46
27,C03,5,sample,"86,926.09",55.96
27,C03,6,sample,"87,112.50",190.38
27,C03,7,sample,"87,414.34",440.23
27,C03,8,sample,"87,234.13",208.03
27,C03,9,sample,"86,867.87",-210.22
27,C03,10,sample,"86,822.52",-307.56
27,C03,11,sample,"86,925.59",-256.47
27,C03,12,sample,"87,167.49",-66.56
27,C03,13,sample,"87,546.41",260.36
27,C03,14,sample,"87,319.65",-18.38
27,C03,15,sample,"87,425.27",35.25
27,C03,16,sample,"88,230.97",788.96
27,C03,17,sample,"88,712.47",1218.47
27,C03,18,sample,"89,487.64",1941.65
27,C03,19,sample,"91,053.98",3456.01
27,C03,20,sample,"94,966.44",7316.47
27,C03,21,sample,"101,819.17",14117.22
27,C03,22,sample,"113,088.64",25334.7
27,C03,23,sample,"131,714.44",43908.5
27,C03,24,sample,"160,939.20",73081.28
27,C03,25,sample,"201,441.66",113531.74
27,C03,26,sample,"254,029.31",166067.41
27,C03,27,sample,"317,583.41",229569.52
27,C03,28,sample,"384,476.81",296410.94
27,C03,29,sample,"442,707.56",354589.69
27,C03,30,sample,"483,351.88",395182.03
27,C03,31,sample,"509,550.00",421328.16
27,C03,32,sample,"525,809.88",437536.03
27,C03,33,sample,"535,339.06",447013.25
27,C03,34,sample,"541,662.00",453284.19
27,C03,35,sample,"546,384.06",457954.25
27,C03,36,sample,"550,070.25",461588.47
27,C03,37,sample,"552,954.75",464420.97
27,C03,38,sample,"556,640.75",468054.97
27,C03,39,sample,"559,344.50",470706.75
27,C03,40,sample,"559,257.00",470567.25
28,C04,1,sample,"59,847.05",-16817.71
28,C04,2,sample,"65,958.13",-11012.45
28,C04,3,sample,"69,249.14",-8027.28
28,C04,4,sample,"71,236.86",-6345.39
28,C04,5,sample,"79,017.42",1129.34
28,C04,6,sample,"81,244.14",3050.23
28,C04,7,sample,"81,248.45",2748.7
28,C04,8,sample,"81,559.50",2753.92
28,C04,9,sample,"81,836.12",2724.71
28,C04,10,sample,"81,929.54",2512.29
28,C04,11,sample,"82,001.88",2278.81
28,C04,12,sample,"81,716.03",1687.12
28,C04,13,sample,"81,721.67",1386.93
28,C04,14,sample,"81,696.09",1055.51
28,C04,15,sample,"81,553.22",606.81
28,C04,16,sample,"81,159.77",-92.47
28,C04,17,sample,"81,001.19",-556.88
28,C04,18,sample,"81,141.91",-721.99
28,C04,19,sample,"81,221.57",-948.17
28,C04,20,sample,"80,961.75",-1513.82
28,C04,21,sample,"81,147.26",-1634.15
28,C04,22,sample,"80,993.01",-2094.23
28,C04,23,sample,"81,000.91",-2392.16
28,C04,24,sample,"81,407.31",-2291.59
28,C04,25,sample,"82,170.91",-1833.82
28,C04,26,sample,"83,364.43",-946.14
28,C04,27,sample,"85,654.79",1038.39
28,C04,28,sample,"89,836.75",4914.52
28,C04,29,sample,"96,994.74",11766.68
28,C04,30,sample,"109,268.77",23734.88
28,C04,31,sample,"127,855.01",42015.28
28,C04,32,sample,"153,965.17",67819.61
28,C04,33,sample,"188,702.67",102251.28
28,C04,34,sample,"231,301.05",144543.83
28,C04,35,sample,"278,959.53",191896.47
28,C04,36,sample,"327,422.81",240053.92
28,C04,37,sample,"369,831.25",282156.53
28,C04,38,sample,"402,353.00",314372.44
28,C04,39,sample,"425,954.84",337668.47
28,C04,40,sample,"440,865.25",352273.03
29,C05,1,sample,"51,734.36",7526.06
29,C05,2,sample,"52,389.92",6256.55
29,C05,3,sample,"52,966.38",4907.93
29,C05,4,sample,"53,395.50",3411.98
29,C05,5,sample,"53,567.08",1658.49
29,C05,6,sample,"53,723.63",-110.03
29,C05,7,sample,"53,903.35",-1855.39
29,C05,8,sample,"54,440.03",-3243.79
29,C05,9,sample,"55,553.90",-4054.99
29,C05,10,sample,"57,427.84",-4106.12
29,C05,11,sample,"59,745.84",-3713.2
29,C05,12,sample,"63,374.00",-2010.11
29,C05,13,sample,"66,570.36",-738.82
29,C05,14,sample,"69,952.41",718.15
29,C05,15,sample,"73,251.25",2091.92
29,C05,16,sample,"76,167.64",3083.24
29,C05,17,sample,"77,526.60",2517.13
29,C05,18,sample,"78,973.02",2038.48
29,C05,19,sample,"80,225.92",1366.3
29,C05,20,sample,"80,747.05",-37.65
29,C05,21,sample,"80,786.25",-1923.52
29,C05,22,sample,"82,150.84",-2484
29,C05,23,sample,"84,672.82",-1887.1
29,C05,24,sample,"89,790.31",1305.32
29,C05,25,sample,"99,358.89",8948.83
29,C05,26,sample,"115,133.08",22797.94
29,C05,27,sample,"142,483.61",48223.4
29,C05,28,sample,"183,265.56",87080.28
29,C05,29,sample,"238,434.38",140324.02
29,C05,30,sample,"306,961.31",206925.88
29,C05,31,sample,"383,645.88",281685.38
29,C05,32,sample,"455,098.00",351212.44
29,C05,33,sample,"509,024.81",403214.16
29,C05,34,sample,"544,555.81",436820.09
29,C05,35,sample,"566,178.25",456517.44
29,C05,36,sample,"578,969.13",467383.25
29,C05,37,sample,"587,130.81",473619.88
29,C05,38,sample,"592,506.31",477070.28
29,C05,39,sample,"596,112.94",478751.84
29,C05,40,sample,"598,891.94",479605.78
30,C06,1,sample,"82,530.98",-10526.55
30,C06,2,sample,"85,226.59",-8127.69
30,C06,3,sample,"89,018.49",-4632.54
30,C06,4,sample,"91,154.70",-2793.09
30,C06,5,sample,"93,059.45",-1185.09
30,C06,6,sample,"94,381.31",-159.98
30,C06,7,sample,"95,527.81",689.76
30,C06,8,sample,"96,503.87",1369.08
30,C06,9,sample,"97,053.62",1622.08
30,C06,10,sample,"97,772.65",2044.36
30,C06,11,sample,"98,594.02",2568.97
30,C06,12,sample,"98,896.45",2574.65
30,C06,13,sample,"99,125.91",2507.37
30,C06,14,sample,"99,224.52",2309.22
30,C06,15,sample,"98,650.86",1438.81
30,C06,16,sample,"97,756.45",247.65
30,C06,17,sample,"97,199.27",-606.28
30,C06,18,sample,"96,936.35",-1165.95
30,C06,19,sample,"96,510.77",-1888.28
30,C06,20,sample,"96,261.13",-2434.67
30,C06,21,sample,"96,486.50",-2506.05
30,C06,22,sample,"97,484.56",-1804.74
30,C06,23,sample,"99,735.88",149.82
30,C06,24,sample,"104,495.95",4613.15
30,C06,25,sample,"113,034.62",12855.06
30,C06,26,sample,"128,580.04",28103.73
30,C06,27,sample,"153,328.48",52555.43
30,C06,28,sample,"190,813.41",89743.59
30,C06,29,sample,"242,109.50",140742.94
30,C06,30,sample,"308,204.03",206540.72
30,C06,31,sample,"384,767.78",282807.72
30,C06,32,sample,"461,619.59",359362.78
30,C06,33,sample,"524,149.63",421596.06
30,C06,34,sample,"567,253.56",464403.25
30,C06,35,sample,"594,381.63",491234.56
30,C06,36,sample,"610,990.69",507546.88
30,C06,37,sample,"620,711.81",516971.25
30,C06,38,sample,"627,338.06",523300.75
30,C06,39,sample,"632,047.44",527713.38
30,C06,40,sample,"635,321.69",530690.88
31,C07,1,sample,"93,959.23",-16086.2
31,C07,2,sample,"97,314.00",-12555.91
31,C07,3,sample,"102,638.63",-7055.77
31,C07,4,sample,"105,650.73",-3868.15
31,C07,5,sample,"107,773.45",-1569.91
31,C07,6,sample,"108,935.19",-232.66
31,C07,7,sample,"110,532.34",1540.01
31,C07,8,sample,"111,525.48",2708.66
31,C07,9,sample,"111,621.29",2979.99
31,C07,10,sample,"111,534.03",3068.25
31,C07,11,sample,"111,675.67",3385.41
31,C07,12,sample,"111,349.95",3235.21
31,C07,13,sample,"110,862.11",2922.88
31,C07,14,sample,"110,581.58",2817.87
31,C07,15,sample,"110,123.93",2535.73
31,C07,16,sample,"108,827.45",1414.77
31,C07,17,sample,"104,628.86",-2608.3
31,C07,18,sample,"103,241.63",-3820.01
31,C07,19,sample,"102,953.41",-3932.72
31,C07,20,sample,"103,189.34",-3521.27
31,C07,21,sample,"103,928.07",-2607.03
31,C07,22,sample,"104,784.52",-1575.06
31,C07,23,sample,"105,964.84",-219.23
31,C07,24,sample,"107,916.77",1908.23
31,C07,25,sample,"110,844.73",5011.71
31,C07,26,sample,"116,833.18",11175.67
31,C07,27,sample,"126,397.96",20915.97
31,C07,28,sample,"142,585.31",37278.84
31,C07,29,sample,"167,750.97",62620.01
31,C07,30,sample,"204,428.80",99473.35
31,C07,31,sample,"254,199.53",149419.61
31,C07,32,sample,"317,100.94",212496.53
31,C07,33,sample,"390,322.09",285893.19
31,C07,34,sample,"463,333.84",359080.47
31,C07,35,sample,"522,952.38",418874.5
31,C07,36,sample,"564,689.88",460787.53
31,C07,37,sample,"591,516.19",487789.38
31,C07,38,sample,"608,441.31",504890
31,C07,39,sample,"619,453.25",516077.47
31,C07,40,sample,"625,784.44",522584.16
32,C08,1,sample,"97,377.41",-3855.35
32,C08,2,sample,"99,689.13",-1754.66
32,C08,3,sample,"102,324.42",669.61
32,C08,4,sample,"102,705.68",839.84
32,C08,5,sample,"102,196.51",119.63
32,C08,6,sample,"101,855.75",-432.15
32,C08,7,sample,"101,852.24",-646.69
32,C08,8,sample,"102,033.77",-676.19
32,C08,9,sample,"102,679.26",-241.73
32,C08,10,sample,"102,669.82",-462.2
32,C08,11,sample,"102,890.48",-452.56
32,C08,12,sample,"103,211.45",-342.63
32,C08,13,sample,"104,065.95",300.85
32,C08,14,sample,"105,300.37",1324.23
32,C08,15,sample,"106,297.84",2110.67
32,C08,16,sample,"107,533.31",3135.11
32,C08,17,sample,"109,457.82",4848.6
32,C08,18,sample,"111,510.79",6690.54
32,C08,19,sample,"114,711.23",9679.95
32,C08,20,sample,"118,513.63",13271.32
32,C08,21,sample,"123,590.84",18137.51
32,C08,22,sample,"130,381.63",24717.27
32,C08,23,sample,"139,375.97",33500.57
32,C08,24,sample,"152,223.84",46137.42
32,C08,25,sample,"170,479.13",64181.67
32,C08,26,sample,"196,115.28",89606.8
32,C08,27,sample,"231,597.33",124877.81
32,C08,28,sample,"278,454.06",171523.52
32,C08,29,sample,"335,306.50",228164.92
32,C08,30,sample,"401,551.31",294198.72
32,C08,31,sample,"471,076.50",363512.88
32,C08,32,sample,"531,681.31",423906.66
32,C08,33,sample,"576,155.88",468170.19
32,C08,34,sample,"605,804.56",497607.84
32,C08,35,sample,"624,729.75",516322
32,C08,36,sample,"636,300.13",527681.38
32,C08,37,sample,"645,513.31",536683.5
32,C08,38,sample,"652,980.88",543940.06
32,C08,39,sample,"657,573.81",548321.94
32,C08,40,sample,"660,953.69",551490.81
33,C09,1,sample,"125,474.68",-15498.42
33,C09,2,sample,"129,848.11",-11674.46
33,C09,3,sample,"136,820.98",-5251.05
33,C09,4,sample,"141,500.94",-1120.56
33,C09,5,sample,"144,837.45",1666.48
33,C09,6,sample,"147,437.41",3716.97
33,C09,7,sample,"149,484.72",5214.81
33,C09,8,sample,"150,787.59",5968.22
33,C09,9,sample,"150,072.95",4704.11
33,C09,10,sample,"142,281.47",-3636.84
33,C09,11,sample,"140,300.16",-6167.62
33,C09,12,sample,"141,988.63",-5028.62
33,C09,13,sample,"143,717.13",-3849.59
33,C09,14,sample,"145,478.45",-2637.73
33,C09,15,sample,"147,766.19",-899.46
33,C09,16,sample,"149,758.55",543.43
33,C09,17,sample,"152,418.28",2653.7
33,C09,18,sample,"154,437.78",4123.73
33,C09,19,sample,"157,005.70",6142.19
33,C09,20,sample,"160,564.41",9151.42
33,C09,21,sample,"164,323.47",12361.02
33,C09,22,sample,"168,308.75",15796.83
33,C09,23,sample,"172,856.50",19795.11
33,C09,24,sample,"178,174.84",24563.99
33,C09,25,sample,"185,916.83",31756.51
33,C09,26,sample,"195,542.27",40832.48
33,C09,27,sample,"208,542.09",53282.84
33,C09,28,sample,"227,637.52",71828.79
33,C09,29,sample,"254,764.02",98405.82
33,C09,30,sample,"291,708.16",134800.5
33,C09,31,sample,"339,509.00",182051.88
33,C09,32,sample,"398,683.94",240677.34
33,C09,33,sample,"466,794.59",308238.53
33,C09,34,sample,"533,751.50",374645.97
33,C09,35,sample,"590,129.31",430474.31
33,C09,36,sample,"630,503.06",470298.59
33,C09,37,sample,"656,797.00",496043.06
33,C09,38,sample,"673,746.75",512443.34
33,C09,39,sample,"685,920.63",524067.75
33,C09,40,sample,"692,979.19",530576.88
34,C10,1,sample,"101,300.32",-8904.38
34,C10,2,sample,"104,371.21",-6048.73
34,C10,3,sample,"108,980.44",-1654.74
34,C10,4,sample,"111,033.67",183.26
34,C10,5,sample,"111,353.15",287.5
34,C10,6,sample,"111,899.23",618.34
34,C10,7,sample,"112,272.08",775.95
34,C10,8,sample,"111,771.68",60.32
34,C10,9,sample,"111,651.89",-274.71
34,C10,10,sample,"112,859.67",717.83
34,C10,11,sample,"112,926.94",569.86
34,C10,12,sample,"112,534.06",-38.26
34,C10,13,sample,"112,373.15",-414.4
34,C10,14,sample,"112,421.15",-581.64
34,C10,15,sample,"113,044.79",-173.24
34,C10,16,sample,"113,357.20",-76.07
34,C10,17,sample,"113,893.18",244.68
34,C10,18,sample,"114,617.34",753.6
34,C10,19,sample,"116,108.16",2029.18
34,C10,20,sample,"119,914.02",5619.81
34,C10,21,sample,"125,592.56",11083.11
34,C10,22,sample,"136,859.73",22135.05
34,C10,23,sample,"155,449.00",40509.07
34,C10,24,sample,"184,622.11",69466.95
34,C10,25,sample,"226,607.22",111236.82
34,C10,26,sample,"283,248.72",167663.08
34,C10,27,sample,"355,263.66",239462.78
34,C10,28,sample,"436,034.09",320017.97
34,C10,29,sample,"513,134.63",396903.28
34,C10,30,sample,"572,917.13",456470.53
34,C10,31,sample,"612,819.63",496157.81
34,C10,32,sample,"636,595.19",519718.13
34,C10,33,sample,"652,033.44",534941.13
34,C10,34,sample,"661,015.69",543708.13
34,C10,35,sample,"666,823.13",549300.38
34,C10,36,sample,"671,539.94",553801.94
34,C10,37,sample,"674,552.63",556599.38
34,C10,38,sample,"676,528.44",558359.94
34,C10,39,sample,"679,527.25",561143.5
34,C10,40,sample,"680,839.06",562240.13
35,C11,1,sample,"127,855.23",-10355.49
35,C11,2,sample,"130,972.94",-7362.02
35,C11,3,sample,"136,821.50",-1637.71
35,C11,4,sample,"140,716.30",2132.85
35,C11,5,sample,"142,916.13",4208.43
35,C11,6,sample,"144,962.88",6130.94
35,C11,7,sample,"143,932.64",4976.46
35,C11,8,sample,"134,820.63",-4259.8
35,C11,9,sample,"132,535.52",-6669.15
35,C11,10,sample,"133,704.31",-5624.6
35,C11,11,sample,"135,057.34",-4395.81
35,C11,12,sample,"136,797.61",-2779.79
35,C11,13,sample,"137,908.13",-1793.52
35,C11,14,sample,"139,677.80",-148.09
35,C11,15,sample,"141,491.52",1541.38
35,C11,16,sample,"143,442.31",3367.93
35,C11,17,sample,"145,149.13",4950.5
35,C11,18,sample,"146,826.80",6503.93
35,C11,19,sample,"148,895.69",8448.58
35,C11,20,sample,"151,181.80",10610.44
35,C11,21,sample,"153,763.08",13067.48
35,C11,22,sample,"157,852.64",17032.8
35,C11,23,sample,"162,081.88",21137.79
35,C11,24,sample,"169,770.03",28701.7
35,C11,25,sample,"181,245.27",40052.69
35,C11,26,sample,"198,971.53",57654.71
35,C11,27,sample,"224,963.20",83522.14
35,C11,28,sample,"262,206.16",120640.84
35,C11,29,sample,"311,749.13",170059.58
35,C11,30,sample,"375,484.00",233670.2
35,C11,31,sample,"448,809.56",306871.53
35,C11,32,sample,"519,084.34",377022.06
35,C11,33,sample,"577,159.31",434972.78
35,C11,34,sample,"616,393.44",474082.66
35,C11,35,sample,"641,334.06",498899.03
35,C11,36,sample,"656,683.19",514123.94
35,C11,37,sample,"666,714.94",524031.44
35,C11,38,sample,"673,990.25",531182.5
35,C11,39,sample,"679,225.88",536293.88
35,C11,40,sample,"681,754.06",538697.81
36,C12,1,sample,"78,709.87",-7999.65
36,C12,2,sample,"79,476.85",-8294.42
36,C12,3,sample,"81,122.02",-7711
36,C12,4,sample,"84,280.33",-5614.45
36,C12,5,sample,"92,201.06",1244.52
36,C12,6,sample,"95,720.96",3702.68
36,C12,7,sample,"96,608.06",3528.02
36,C12,8,sample,"96,563.76",2421.96
36,C12,9,sample,"97,264.83",2061.28
36,C12,10,sample,"98,378.68",2113.38
36,C12,11,sample,"99,363.06",2036
36,C12,12,sample,"99,701.59",1312.79
36,C12,13,sample,"100,277.00",826.44
36,C12,14,sample,"101,310.95",798.63
36,C12,15,sample,"101,924.48",350.41
36,C12,16,sample,"102,105.96",-529.86
36,C12,17,sample,"102,896.79",-800.79
36,C12,18,sample,"103,215.74",-1543.59
36,C12,19,sample,"103,952.11",-1868.98
36,C12,20,sample,"104,555.40",-2327.44
36,C12,21,sample,"105,226.53",-2718.06
36,C12,22,sample,"106,418.79",-2587.56
36,C12,23,sample,"107,287.95",-2780.15
36,C12,24,sample,"108,541.55",-2588.31
36,C12,25,sample,"111,151.56",-1040.05
36,C12,26,sample,"116,327.04",3073.68
36,C12,27,sample,"123,387.66",9072.54
36,C12,28,sample,"135,499.31",20122.44
36,C12,29,sample,"154,001.05",37562.42
36,C12,30,sample,"182,513.67",65013.29
36,C12,31,sample,"222,584.03",104021.9
36,C12,32,sample,"273,755.66",154131.77
36,C12,33,sample,"335,814.31",215128.67
36,C12,34,sample,"404,535.63",282788.22
36,C12,35,sample,"467,872.00",345062.84
36,C12,36,sample,"516,830.09",392959.19
36,C12,37,sample,"550,970.50",426037.84
36,C12,38,sample,"571,812.06",445817.66
36,C12,39,sample,"585,498.44",458442.28
36,C12,40,sample,"593,391.25",465273.34
37,D01,1,sample,"80,846.30",-21033.88
37,D01,2,sample,"83,793.27",-20736.85
37,D01,3,sample,"89,717.13",-17462.93
37,D01,4,sample,"95,234.97",-14595.04
37,D01,5,sample,"101,478.46",-11001.49
37,D01,6,sample,"108,304.16",-6825.73
37,D01,7,sample,"115,935.48",-1844.35
37,D01,8,sample,"124,143.02",3713.24
37,D01,9,sample,"132,870.16",9790.43
37,D01,10,sample,"140,769.78",15040.11
37,D01,11,sample,"145,880.20",17500.59
37,D01,12,sample,"149,552.72",18523.16
37,D01,13,sample,"151,527.86",17848.36
37,D01,14,sample,"152,006.11",15676.67
37,D01,15,sample,"150,091.55",11112.16
37,D01,16,sample,"137,796.02",-3833.32
37,D01,17,sample,"134,388.20",-9891.07
37,D01,18,sample,"135,918.75",-11010.47
37,D01,19,sample,"138,380.97",-11198.19
37,D01,20,sample,"140,957.31",-11271.79
37,D01,21,sample,"144,608.70",-10270.35
37,D01,22,sample,"148,711.95",-8817.04
37,D01,23,sample,"154,873.95",-5304.99
37,D01,24,sample,"163,099.80",270.91
37,D01,25,sample,"175,702.91",10224.08
37,D01,26,sample,"194,452.16",26323.39
37,D01,27,sample,"222,101.28",51322.57
37,D01,28,sample,"259,796.42",86367.77
37,D01,29,sample,"307,771.72",131693.13
37,D01,30,sample,"366,714.38",187985.83
37,D01,31,sample,"430,141.63",248763.14
37,D01,32,sample,"488,691.88",304663.44
37,D01,33,sample,"534,404.31",347725.94
37,D01,34,sample,"565,569.25",376240.94
37,D01,35,sample,"585,490.19",393511.94
37,D01,36,sample,"598,772.63",404144.41
37,D01,37,sample,"607,907.75",410629.59
37,D01,38,sample,"614,265.19",414337.09
37,D01,39,sample,"619,304.94",416726.91
37,D01,40,sample,"622,257.88",417029.91
38,D02,1,sample,"113,022.59",-7786.61
38,D02,2,sample,"116,039.12",-3204.72
38,D02,3,sample,"118,628.47",949.98
38,D02,4,sample,"117,571.57",1458.44
38,D02,5,sample,"115,424.22",876.44
38,D02,6,sample,"113,327.08",344.66
38,D02,7,sample,"111,135.80",-281.27
38,D02,8,sample,"109,133.48",-718.23
38,D02,9,sample,"107,071.89",-1214.46
38,D02,10,sample,"105,365.87",-1355.13
38,D02,11,sample,"103,868.24",-1287.4
38,D02,12,sample,"102,637.45",-952.84
38,D02,13,sample,"101,071.00",-953.93
38,D02,14,sample,"100,009.05",-450.53
38,D02,15,sample,"98,918.49",24.27
38,D02,16,sample,"98,158.06",829.2
38,D02,17,sample,"97,182.81",1419.29
38,D02,18,sample,"95,509.66",1311.51
38,D02,19,sample,"94,721.43",2088.63
38,D02,20,sample,"94,355.23",3287.79
38,D02,21,sample,"93,711.03",4208.94
38,D02,22,sample,"93,037.48",5100.74
38,D02,23,sample,"92,546.31",6174.93
38,D02,24,sample,"91,488.77",6682.74
38,D02,25,sample,"91,416.06",8175.39
38,D02,26,sample,"92,246.36",10571.05
38,D02,27,sample,"92,822.13",12712.17
38,D02,28,sample,"93,405.03",14860.43
38,D02,29,sample,"95,117.42",18138.17
38,D02,30,sample,"98,262.45",22848.55
38,D02,31,sample,"102,883.06",29034.52
38,D02,32,sample,"109,878.99",37595.81
38,D02,33,sample,"120,993.41",50275.59
38,D02,34,sample,"134,060.67",64908.2
38,D02,35,sample,"149,222.19",81635.07
38,D02,36,sample,"164,704.28",98682.52
38,D02,37,sample,"178,402.14",113945.73
38,D02,38,sample,"190,068.66",127177.61
38,D02,39,sample,"199,905.11",138579.42
38,D02,40,sample,"206,042.11",146281.77
39,D03,1,sample,"85,015.06",-12412.2
39,D03,2,sample,"89,044.44",-8156.47
39,D03,3,sample,"93,540.62",-3433.95
39,D03,4,sample,"95,294.17",-1454.04
39,D03,5,sample,"96,515.20",-6.66
39,D03,6,sample,"97,424.51",1128.99
39,D03,7,sample,"97,445.08",1375.91
39,D03,8,sample,"98,298.19",2455.37
39,D03,9,sample,"98,683.70",3067.24
39,D03,10,sample,"96,170.94",780.82
39,D03,11,sample,"94,911.78",-251.98
39,D03,12,sample,"94,385.98",-551.43
39,D03,13,sample,"94,030.05",-681.02
39,D03,14,sample,"93,822.63",-662.09
39,D03,15,sample,"93,494.70",-763.66
39,D03,16,sample,"93,254.39",-777.63
39,D03,17,sample,"93,641.81",-163.86
39,D03,18,sample,"93,517.31",-62.01
39,D03,19,sample,"93,613.81",260.84
39,D03,20,sample,"94,334.46",1207.84
39,D03,21,sample,"96,470.00",3569.73
39,D03,22,sample,"100,918.09",8244.17
39,D03,23,sample,"109,558.53",17110.96
39,D03,24,sample,"123,873.96",31652.74
39,D03,25,sample,"147,147.34",55152.47
39,D03,26,sample,"182,268.05",90499.52
39,D03,27,sample,"231,677.78",140135.61
39,D03,28,sample,"296,591.06",205275.23
39,D03,29,sample,"376,099.19",285009.72
39,D03,30,sample,"458,001.03",367137.91
39,D03,31,sample,"526,702.19",436065.41
39,D03,32,sample,"574,716.94",484306.5
39,D03,33,sample,"605,412.50",515228.44
39,D03,34,sample,"624,269.25",534311.5
39,D03,35,sample,"635,889.56",546158.19
39,D03,36,sample,"644,461.06",554956.06
39,D03,37,sample,"649,459.38",560180.69
39,D03,38,sample,"653,058.50",564006.19
39,D03,39,sample,"656,389.06",567563.06
39,D03,40,sample,"658,138.63",569539
40,D04,1,sample,"92,004.50",-3498.56
40,D04,2,sample,"93,471.99",-2350.11
40,D04,3,sample,"94,663.23",-1477.92
40,D04,4,sample,"95,183.10",-1277.08
40,D04,5,sample,"95,452.90",-1326.33
40,D04,6,sample,"95,900.38",-1197.88
40,D04,7,sample,"96,494.32",-922.99
40,D04,8,sample,"97,566.07",-170.28
40,D04,9,sample,"98,918.92",863.53
40,D04,10,sample,"100,363.00",1988.57
40,D04,11,sample,"101,369.82",2676.35
40,D04,12,sample,"102,332.34",3319.82
40,D04,13,sample,"103,132.52",3800.97
40,D04,14,sample,"103,001.48",3350.88
40,D04,15,sample,"98,896.26",-1073.38
40,D04,16,sample,"97,674.25",-2614.43
40,D04,17,sample,"97,835.06",-2772.66
40,D04,18,sample,"97,759.58",-3167.18
40,D04,19,sample,"98,161.36",-3084.44
40,D04,20,sample,"100,212.73",-1352.11
40,D04,21,sample,"103,412.98",1529.1
40,D04,22,sample,"109,324.54",7121.62
40,D04,23,sample,"120,344.56",17822.59
40,D04,24,sample,"138,553.81",35712.8
40,D04,25,sample,"165,952.56",62792.52
40,D04,26,sample,"206,748.66",103269.57
40,D04,27,sample,"264,390.72",160592.59
40,D04,28,sample,"340,584.16",236466.98
40,D04,29,sample,"426,539.22",322103
40,D04,30,sample,"506,146.53",401391.28
40,D04,31,sample,"567,188.94",462114.66
40,D04,32,sample,"609,316.19",503922.84
40,D04,33,sample,"636,625.19",530912.81
40,D04,34,sample,"654,971.25",548939.81
40,D04,35,sample,"666,625.69",560275.25
40,D04,36,sample,"674,841.25",568171.75
40,D04,37,sample,"680,761.88",573773.31
40,D04,38,sample,"685,097.31",577789.75
40,D04,39,sample,"688,604.44",580977.81
40,D04,40,sample,"691,315.75",583370.06
41,D05,1,sample,"56,459.13",5793.47
41,D05,2,sample,"56,300.09",3489.03
41,D05,3,sample,"56,037.50",1081.02
41,D05,4,sample,"56,042.31",-1059.58
41,D05,5,sample,"56,371.64",-2875.67
41,D05,6,sample,"57,009.19",-4383.52
41,D05,7,sample,"57,983.50",-5554.63
41,D05,8,sample,"59,463.23",-6220.3
41,D05,9,sample,"64,488.94",-3340.01
41,D05,10,sample,"79,058.38",9084.01
41,D05,11,sample,"82,555.98",10436.2
41,D05,12,sample,"82,426.88",8161.69
41,D05,13,sample,"82,156.17",5745.57
41,D05,14,sample,"81,728.81",3172.79
41,D05,15,sample,"81,752.23",1050.8
41,D05,16,sample,"82,028.43",-818.4
41,D05,17,sample,"82,332.80",-2659.45
41,D05,18,sample,"82,315.23",-4822.42
41,D05,19,sample,"82,284.98",-6998.09
41,D05,20,sample,"83,232.32",-8196.16
41,D05,21,sample,"85,213.48",-8360.42
41,D05,22,sample,"88,739.48",-6979.82
41,D05,23,sample,"95,411.22",-2453.5
41,D05,24,sample,"107,023.40",7013.27
41,D05,25,sample,"127,431.12",25275.58
41,D05,26,sample,"158,985.41",54684.45
41,D05,27,sample,"204,782.77",98336.4
41,D05,28,sample,"266,619.44",158027.66
41,D05,29,sample,"345,347.03",234609.84
41,D05,30,sample,"433,091.56",320208.97
41,D05,31,sample,"513,295.38",398267.38
41,D05,32,sample,"572,041.00",454867.56
41,D05,33,sample,"610,436.06",491117.22
41,D05,34,sample,"633,970.13",512505.88
41,D05,35,sample,"647,787.88",524178.22
41,D05,36,sample,"656,172.69",530417.63
41,D05,37,sample,"662,605.94",534705.44
41,D05,38,sample,"666,979.31",536933.44
41,D05,39,sample,"670,221.50",538030.19
41,D05,40,sample,"672,662.00",538325.25
42,D06,1,sample,"39,087.77",-20426.93
42,D06,2,sample,"41,012.57",-18716.93
42,D06,3,sample,"55,937.52",-4006.78
42,D06,4,sample,"60,544.48",385.38
42,D06,5,sample,"61,233.03",859.12
42,D06,6,sample,"61,647.15",1058.44
42,D06,7,sample,"61,746.85",943.34
42,D06,8,sample,"61,955.39",937.07
42,D06,9,sample,"61,902.28",669.16
42,D06,10,sample,"61,981.98",534.06
42,D06,11,sample,"62,204.71",541.99
42,D06,12,sample,"62,422.52",545
42,D06,13,sample,"62,076.20",-16.13
42,D06,14,sample,"61,651.80",-655.33
42,D06,15,sample,"61,908.07",-613.86
42,D06,16,sample,"62,192.04",-544.69
42,D06,17,sample,"62,314.77",-636.76
42,D06,18,sample,"62,542.76",-623.58
42,D06,19,sample,"63,051.42",-329.72
42,D06,20,sample,"63,877.16",281.22
42,D06,21,sample,"66,186.37",2375.62
42,D06,22,sample,"70,458.65",6433.1
42,D06,23,sample,"78,070.23",13829.88
42,D06,24,sample,"89,804.19",25349.04
42,D06,25,sample,"106,780.13",42110.17
42,D06,26,sample,"132,511.78",67627.02
42,D06,27,sample,"168,662.28",103562.73
42,D06,28,sample,"217,414.14",152099.78
42,D06,29,sample,"273,611.31",208082.16
42,D06,30,sample,"324,416.13",258672.16
42,D06,31,sample,"366,498.50",300539.75
42,D06,32,sample,"396,443.66",330270.09
42,D06,33,sample,"418,056.34",351667.97
42,D06,34,sample,"433,813.78",367210.59
42,D06,35,sample,"443,910.56",377092.59
42,D06,36,sample,"451,227.84",384195.06
42,D06,37,sample,"456,949.56",389701.97
42,D06,38,sample,"462,106.97",394644.59
42,D06,39,sample,"465,613.44",397936.25
42,D06,40,sample,"467,710.13",399818.13
43,D07,1,sample,"89,913.60",-15306.51
43,D07,2,sample,"92,828.27",-11835.84
43,D07,3,sample,"99,022.65",-5085.47
43,D07,4,sample,"102,540.90",-1011.22
43,D07,5,sample,"104,989.94",1993.82
43,D07,6,sample,"106,793.52",4353.4
43,D07,7,sample,"106,238.80",4354.68
43,D07,8,sample,"101,542.37",214.24
43,D07,9,sample,"99,290.72",-1481.41
43,D07,10,sample,"98,737.01",-1479.12
43,D07,11,sample,"98,722.77",-937.36
43,D07,12,sample,"98,613.30",-490.83
43,D07,13,sample,"98,065.05",-483.08
43,D07,14,sample,"97,617.25",-374.88
43,D07,15,sample,"97,403.48",-32.65
43,D07,16,sample,"97,340.02",459.88
43,D07,17,sample,"97,172.26",848.12
43,D07,18,sample,"97,655.34",1887.2
43,D07,19,sample,"98,426.42",3214.28
43,D07,20,sample,"99,635.77",4979.63
43,D07,21,sample,"102,142.02",8041.88
43,D07,22,sample,"106,851.59",13307.44
43,D07,23,sample,"115,265.72",22277.57
43,D07,24,sample,"129,671.56",37239.41
43,D07,25,sample,"152,730.98",60854.84
43,D07,26,sample,"187,162.06",95841.91
43,D07,27,sample,"235,806.22",145042.06
43,D07,28,sample,"302,481.13",212272.97
43,D07,29,sample,"384,101.97",294449.81
43,D07,30,sample,"466,756.81",377660.66
43,D07,31,sample,"535,770.44",447230.28
43,D07,32,sample,"585,836.19",497852.03
43,D07,33,sample,"618,388.38",530960.19
43,D07,34,sample,"639,016.94",552144.75
43,D07,35,sample,"653,531.25",567215.06
43,D07,36,sample,"662,338.81",576578.63
43,D07,37,sample,"668,753.25",583549.06
43,D07,38,sample,"673,384.63",588736.44
43,D07,39,sample,"677,739.38",593647.19
43,D07,40,sample,"680,514.13",596977.94
44,D08,1,sample,"62,049.47",-13954.37
44,D08,2,sample,"64,097.49",-12813.89
44,D08,3,sample,"69,170.12",-8648.82
44,D08,4,sample,"73,109.36",-5617.12
44,D08,5,sample,"76,440.12",-3193.91
44,D08,6,sample,"79,316.08",-1225.49
44,D08,7,sample,"82,361.03",911.91
44,D08,8,sample,"85,674.35",3317.68
44,D08,9,sample,"89,669.79",6405.58
44,D08,10,sample,"90,340.98",6169.22
44,D08,11,sample,"90,303.06",5223.75
44,D08,12,sample,"90,037.12",4050.26
44,D08,13,sample,"90,116.41",3222
44,D08,14,sample,"90,069.45",2267.5
44,D08,15,sample,"89,961.34",1251.84
44,D08,16,sample,"89,760.72",143.68
44,D08,17,sample,"89,677.60",-846.99
44,D08,18,sample,"89,614.56",-1817.58
44,D08,19,sample,"89,523.50",-2816.18
44,D08,20,sample,"89,182.02",-4065.21
44,D08,21,sample,"89,422.63",-4732.14
44,D08,22,sample,"89,515.25",-5547.07
44,D08,23,sample,"90,205.95",-5763.93
44,D08,24,sample,"91,347.25",-5530.17
44,D08,25,sample,"93,226.76",-4558.21
44,D08,26,sample,"97,745.31",-947.2
44,D08,27,sample,"106,055.78",6455.72
44,D08,28,sample,"120,346.25",19838.64
44,D08,29,sample,"143,536.83",42121.68
44,D08,30,sample,"178,015.14",75692.45
44,D08,31,sample,"226,389.86",123159.62
44,D08,32,sample,"289,243.63",185105.83
44,D08,33,sample,"365,541.56",260496.22
44,D08,34,sample,"445,105.13",339152.25
44,D08,35,sample,"515,070.00",408209.56
44,D08,36,sample,"564,509.81",456741.84
44,D08,37,sample,"596,884.38",488208.84
44,D08,38,sample,"617,581.50",507998.44
44,D08,39,sample,"630,662.94",520172.31
44,D08,40,sample,"638,248.50",526850.31
45,D09,1,sample,"88,358.91",-12963.21
45,D09,2,sample,"90,970.85",-10092.88
45,D09,3,sample,"96,047.36",-4757.99
45,D09,4,sample,"99,815.97",-730.99
45,D09,5,sample,"101,547.79",1259.21
45,D09,6,sample,"103,334.70",3304.5
45,D09,7,sample,"103,276.11",3504.3
45,D09,8,sample,"100,006.64",493.22
45,D09,9,sample,"98,817.60",-437.43
45,D09,10,sample,"98,498.88",-497.77
45,D09,11,sample,"98,427.16",-311.1
45,D09,12,sample,"98,352.76",-127.12
45,D09,13,sample,"97,735.72",-485.77
45,D09,14,sample,"97,293.19",-669.92
45,D09,15,sample,"97,170.13",-534.59
45,D09,16,sample,"97,126.97",-319.36
45,D09,17,sample,"97,498.74",310.79
45,D09,18,sample,"97,443.62",514.06
45,D09,19,sample,"97,975.98",1304.81
45,D09,20,sample,"99,194.84",2782.05
45,D09,21,sample,"101,767.63",5613.22
45,D09,22,sample,"107,259.66",11363.64
45,D09,23,sample,"116,814.88",21177.24
45,D09,24,sample,"132,729.91",37350.66
45,D09,25,sample,"157,924.44",62803.57
45,D09,26,sample,"194,932.92",100070.45
45,D09,27,sample,"247,658.48",153054.39
45,D09,28,sample,"317,399.91",223054.2
45,D09,29,sample,"401,027.84",306940.53
45,D09,30,sample,"484,691.47",390862.53
45,D09,31,sample,"552,795.06",459224.5
45,D09,32,sample,"599,679.50",506367.34
45,D09,33,sample,"629,824.13",536770.38
45,D09,34,sample,"649,270.81",556475.44
45,D09,35,sample,"660,895.38",568358.38
45,D09,36,sample,"668,523.75",576245.13
45,D09,37,sample,"674,552.63",582532.38
45,D09,38,sample,"677,983.38",586221.5
45,D09,39,sample,"681,092.81",589589.38
45,D09,40,sample,"683,465.88",592220.81
46,D10,1,sample,"109,573.53",-10801.37
46,D10,2,sample,"112,331.42",-7851.18
46,D10,3,sample,"118,106.45",-1883.86
46,D10,4,sample,"122,517.00",2719
46,D10,5,sample,"123,810.58",4204.88
46,D10,6,sample,"118,705.84",-707.56
46,D10,7,sample,"117,076.20",-2144.9
46,D10,8,sample,"117,235.02",-1793.77
46,D10,9,sample,"117,854.03",-982.47
46,D10,10,sample,"117,983.84",-660.36
46,D10,11,sample,"118,113.00",-338.9
46,D10,12,sample,"118,149.91",-109.68
46,D10,13,sample,"117,916.72",-150.57
46,D10,14,sample,"117,893.35",18.36
46,D10,15,sample,"118,164.40",481.71
46,D10,16,sample,"118,082.88",592.49
46,D10,17,sample,"118,053.73",755.64
46,D10,18,sample,"117,934.91",829.13
46,D10,19,sample,"118,349.58",1436.09
46,D10,20,sample,"119,356.38",2635.19
46,D10,21,sample,"119,854.52",3325.64
46,D10,22,sample,"122,372.67",6036.09
46,D10,23,sample,"127,500.51",11356.22
46,D10,24,sample,"136,581.83",20629.85
46,D10,25,sample,"152,164.25",36404.57
46,D10,26,sample,"177,103.38",61536
46,D10,27,sample,"215,668.86",100293.78
46,D10,28,sample,"270,706.06",155523.28
46,D10,29,sample,"343,843.59",228853.11
46,D10,30,sample,"432,065.44",317267.25
46,D10,31,sample,"525,852.75",411246.88
46,D10,32,sample,"608,473.63",494060.06
46,D10,33,sample,"668,610.94",554389.69
46,D10,34,sample,"706,749.75",592720.75
46,D10,35,sample,"729,754.94",615918.25
46,D10,36,sample,"743,564.06",629919.69
46,D10,37,sample,"753,063.94",639611.88
46,D10,38,sample,"760,207.38",646947.63
46,D10,39,sample,"764,540.19",651472.75
46,D10,40,sample,"766,862.38",653987.19
47,D11,1,sample,"101,934.84",-9530.05
47,D11,2,sample,"103,791.49",-7016.13
47,D11,3,sample,"106,840.17",-3310.19
47,D11,4,sample,"108,431.60",-1061.5
47,D11,5,sample,"109,245.61",409.78
47,D11,6,sample,"109,277.84",1099.27
47,D11,7,sample,"108,898.89",1377.59
47,D11,8,sample,"108,361.34",1497.3
47,D11,9,sample,"107,276.67",1069.89
47,D11,10,sample,"105,947.00",397.49
47,D11,11,sample,"105,305.23",412.98
47,D11,12,sample,"104,478.04",243.05
47,D11,13,sample,"103,167.96",-409.76
47,D11,14,sample,"102,617.01",-303.45
47,D11,15,sample,"102,220.98",-42.22
47,D11,16,sample,"101,619.48",13.54
47,D11,17,sample,"100,937.22",-11.45
47,D11,18,sample,"99,842.68",-448.72
47,D11,19,sample,"99,366.68",-267.46
47,D11,20,sample,"98,795.40",-181.48
47,D11,21,sample,"97,834.95",-484.67
47,D11,22,sample,"97,217.20",-445.15
47,D11,23,sample,"97,058.87",53.78
47,D11,24,sample,"96,966.15",618.33
47,D11,25,sample,"96,426.95",736.39
47,D11,26,sample,"96,402.73",1369.43
47,D11,27,sample,"97,007.29",2631.26
47,D11,28,sample,"97,763.86",4045.09
47,D11,29,sample,"98,468.36",5406.86
47,D11,30,sample,"100,168.48",7764.24
47,D11,31,sample,"103,895.25",12148.27
47,D11,32,sample,"109,124.44",18034.72
47,D11,33,sample,"116,810.94",26378.49
47,D11,34,sample,"126,830.77",37055.59
47,D11,35,sample,"139,971.33",50853.41
47,D11,36,sample,"154,522.98",66062.33
47,D11,37,sample,"169,459.45",81656.06
47,D11,38,sample,"183,743.02",96596.88
47,D11,39,sample,"195,762.20",109273.34
47,D11,40,sample,"204,389.73",118558.13
48,D12,1,sample,"99,097.64",-3463.57
48,D12,2,sample,"99,486.77",-2839.21
48,D12,3,sample,"100,651.70",-1439.04
48,D12,4,sample,"101,166.73",-688.79
48,D12,5,sample,"101,459.08",-161.2
48,D12,6,sample,"101,438.02",52.97
48,D12,7,sample,"101,672.10",522.28
48,D12,8,sample,"101,402.14",487.55
48,D12,9,sample,"101,126.65",447.29
48,D12,10,sample,"100,940.01",495.89
48,D12,11,sample,"100,655.41",446.52
48,D12,12,sample,"100,405.88",432.23
48,D12,13,sample,"100,194.55",456.12
48,D12,14,sample,"99,947.98",444.79
48,D12,15,sample,"99,611.07",343.11
48,D12,16,sample,"99,302.80",270.07
48,D12,17,sample,"98,812.47",14.97
48,D12,18,sample,"98,478.76",-83.51
48,D12,19,sample,"97,807.56",-519.47
48,D12,20,sample,"96,966.71",-1125.09
48,D12,21,sample,"96,954.40",-902.17
48,D12,22,sample,"97,620.39",-0.95
48,D12,23,sample,"97,656.86",270.75
48,D12,24,sample,"97,386.55",235.67
48,D12,25,sample,"97,172.06",256.41
48,D12,26,sample,"97,201.42",521.01
48,D12,27,sample,"97,888.34",1443.16
48,D12,28,sample,"99,139.09",2929.15
48,D12,29,sample,"100,447.44",4472.73
48,D12,30,sample,"102,904.97",7165.49
48,D12,31,sample,"106,569.70",11065.46
48,D12,32,sample,"112,929.13",17660.12
48,D12,33,sample,"121,288.76",26254.97
48,D12,34,sample,"132,116.58",37318.03
48,D12,35,sample,"145,184.92",50621.6
48,D12,36,sample,"159,897.52",65569.43
48,D12,37,sample,"174,510.91",80418.05
48,D12,38,sample,"188,035.73",94178.11
48,D12,39,sample,"198,602.95",104980.56
48,D12,40,sample,"206,598.86",113211.7